Account ID|Profile|Friendly Name|Region|VPC ID|VPC Name|CIDR(s)|Source|IPAM Match|Expected Range|On-Prem Overlap|Notes
474668427263|AFT_474668427263_admin|Account 474668427263|us-west-2|vpc-0a286857255bce844|aws-controltower-VPC|172.31.0.0/16|Deployed|NO|YES|OVERLAP_ONPREM|OVERLAP_ONPREM, NO_IPAM_ALLOCATION
474668427263|AFT_474668427263_admin|Account 474668427263|us-west-2|172.31.0.0/16|172.31.0.0/16||Deployed|NO|YES|OVERLAP_ONPREM|OVERLAP_ONPREM, NO_IPAM_ALLOCATION
071126865178|AWSome_Hackathon_2025_071126865178_admin|Account 071126865178|us-east-2|vpc-0bfd9d5c3e2c67824|eksctl-t16-hackathon-ai-backend-cluster/VPC|192.168.0.0/16|Deployed|NO|YES|OVERLAP_ONPREM|OVERLAP_ONPREM, NO_IPAM_ALLOCATION
071126865178|AWSome_Hackathon_2025_071126865178_admin|Account 071126865178|us-east-2|192.168.0.0/16|192.168.0.0/16||Deployed|NO|YES|OVERLAP_ONPREM|OVERLAP_ONPREM, NO_IPAM_ALLOCATION
071126865178|AWSome_Hackathon_2025_071126865178_admin|Account 071126865178|us-east-2|vpc-0b73824f0951b72bb|planning-poker-vpc|172.32.0.0/16|Deployed|NO|YES|OVERLAP_ONPREM|OVERLAP_ONPREM, NO_IPAM_ALLOCATION
071126865178|AWSome_Hackathon_2025_071126865178_admin|Account 071126865178|us-east-2|172.32.0.0/16|172.32.0.0/16||Deployed|NO|YES|OVERLAP_ONPREM|OVERLAP_ONPREM, NO_IPAM_ALLOCATION
071126865178|AWSome_Hackathon_2025_071126865178_admin|Account 071126865178|us-east-2|vpc-09531c1e0595c72dc|newaccount-vpc|10.0.0.0/16|Deployed|NO|YES|OVERLAP_ONPREM|OVERLAP_ONPREM, NO_IPAM_ALLOCATION
071126865178|AWSome_Hackathon_2025_071126865178_admin|Account 071126865178|us-east-2|10.0.0.0/16|10.0.0.0/16||Deployed|NO|YES|OVERLAP_ONPREM|OVERLAP_ONPREM, NO_IPAM_ALLOCATION
071126865178|AWSome_Hackathon_2025_071126865178_admin|Account 071126865178|us-east-2|vpc-03f8947765e9c85a3|hackathon-vpc-vpc|10.0.0.0/16|Deployed|NO|YES|OVERLAP_ONPREM|OVERLAP_ONPREM, NO_IPAM_ALLOCATION
071126865178|AWSome_Hackathon_2025_071126865178_admin|Account 071126865178|us-east-2|10.0.0.0/16|10.0.0.0/16||Deployed|NO|YES|OVERLAP_ONPREM|OVERLAP_ONPREM, NO_IPAM_ALLOCATION
071126865178|AWSome_Hackathon_2025_071126865178_admin|Account 071126865178|us-east-2|vpc-0a4963cee012b85a3|aws-controltower-VPC|172.31.0.0/16|Deployed|NO|YES|OVERLAP_ONPREM|OVERLAP_ONPREM, NO_IPAM_ALLOCATION
071126865178|AWSome_Hackathon_2025_071126865178_admin|Account 071126865178|us-east-2|172.31.0.0/16|172.31.0.0/16||Deployed|NO|YES|OVERLAP_ONPREM|OVERLAP_ONPREM, NO_IPAM_ALLOCATION
071126865178|AWSome_Hackathon_2025_071126865178_admin|Account 071126865178|us-west-2|vpc-08b995a0c87a6043e|team24GenAIChatBotStack/Shared/VPC|10.0.0.0/16|Deployed|NO|YES|OVERLAP_ONPREM|OVERLAP_ONPREM, NO_IPAM_ALLOCATION
071126865178|AWSome_Hackathon_2025_071126865178_admin|Account 071126865178|us-west-2|10.0.0.0/16|10.0.0.0/16||Deployed|NO|YES|OVERLAP_ONPREM|OVERLAP_ONPREM, NO_IPAM_ALLOCATION
071126865178|AWSome_Hackathon_2025_071126865178_admin|Account 071126865178|us-west-2|vpc-0c702bbaed5580a75|vpc-team08-eks-dev|12.0.0.0/16|Deployed|NO|YES|OVERLAP_ONPREM|OVERLAP_ONPREM, NO_IPAM_ALLOCATION
071126865178|AWSome_Hackathon_2025_071126865178_admin|Account 071126865178|us-west-2|12.0.0.0/16|12.0.0.0/16||Deployed|NO|YES|OVERLAP_ONPREM|OVERLAP_ONPREM, NO_IPAM_ALLOCATION
071126865178|AWSome_Hackathon_2025_071126865178_admin|Account 071126865178|us-west-2|vpc-0aee918fd9168706b|aws-controltower-VPC|172.31.0.0/16|Deployed|NO|YES|OVERLAP_ONPREM|OVERLAP_ONPREM, NO_IPAM_ALLOCATION
071126865178|AWSome_Hackathon_2025_071126865178_admin|Account 071126865178|us-west-2|172.31.0.0/16|172.31.0.0/16||Deployed|NO|YES|OVERLAP_ONPREM|OVERLAP_ONPREM, NO_IPAM_ALLOCATION
448049813044|Backup_Admin_448049813044_admin|Account 448049813044|us-east-2|vpc-0a1ed2091d10fc3d9|aws-controltower-VPC|172.31.0.0/16|Deployed|NO|YES|OVERLAP_ONPREM|OVERLAP_ONPREM, NO_IPAM_ALLOCATION
448049813044|Backup_Admin_448049813044_admin|Account 448049813044|us-east-2|172.31.0.0/16|172.31.0.0/16||Deployed|NO|YES|OVERLAP_ONPREM|OVERLAP_ONPREM, NO_IPAM_ALLOCATION
448049813044|Backup_Admin_448049813044_admin|Account 448049813044|us-west-2|vpc-0ccbb7c5ffa06d067|aws-controltower-VPC|172.31.0.0/16|Deployed|NO|YES|OVERLAP_ONPREM|OVERLAP_ONPREM, NO_IPAM_ALLOCATION
448049813044|Backup_Admin_448049813044_admin|Account 448049813044|us-west-2|172.31.0.0/16|172.31.0.0/16||Deployed|NO|YES|OVERLAP_ONPREM|OVERLAP_ONPREM, NO_IPAM_ALLOCATION
925774240130|CASTSoftware_dev_925774240130_admin|CAST Software Dev|us-east-2|vpc-0d2bbb511a006f67e|aws-controltower-VPC|172.31.0.0/16|Deployed|NO|YES|OVERLAP_ONPREM|OVERLAP_ONPREM, NO_IPAM_ALLOCATION
925774240130|CASTSoftware_dev_925774240130_admin|CAST Software Dev|us-east-2|172.31.0.0/16|172.31.0.0/16||Deployed|NO|YES|OVERLAP_ONPREM|OVERLAP_ONPREM, NO_IPAM_ALLOCATION
925774240130|CASTSoftware_dev_925774240130_admin|CAST Software Dev|us-east-2|vpc-030d39057ed8fa1b5|castsoftwaredev|10.62.20.0/24|Deployed|NO|YES|OVERLAP_ONPREM|OVERLAP_ONPREM, NO_IPAM_ALLOCATION
925774240130|CASTSoftware_dev_925774240130_admin|CAST Software Dev|us-east-2|10.62.20.0/24|10.62.17.64/26||Deployed|NO|YES|OVERLAP_ONPREM|OVERLAP_ONPREM, NO_IPAM_ALLOCATION
925774240130|CASTSoftware_dev_925774240130_admin|CAST Software Dev|us-west-2|vpc-0eece5fb16ec70c77|aws-controltower-VPC|172.31.0.0/16|Deployed|NO|YES|OVERLAP_ONPREM|OVERLAP_ONPREM, NO_IPAM_ALLOCATION
925774240130|CASTSoftware_dev_925774240130_admin|CAST Software Dev|us-west-2|172.31.0.0/16|172.31.0.0/16||Deployed|NO|YES|OVERLAP_ONPREM|OVERLAP_ONPREM, NO_IPAM_ALLOCATION
925774240130|CASTSoftware_dev_925774240130_admin|CAST Software Dev|us-west-2|vpc-08aa3d75bc3e6e815|castsoftwaredev|10.162.20.0/24|Deployed|NO|YES|OVERLAP_ONPREM|OVERLAP_ONPREM, NO_IPAM_ALLOCATION
925774240130|CASTSoftware_dev_925774240130_admin|CAST Software Dev|us-west-2|10.162.20.0/24|10.162.17.64/26||Deployed|NO|YES|OVERLAP_ONPREM|OVERLAP_ONPREM, NO_IPAM_ALLOCATION
443370695612|Central_Backup_Vault_443370695612_admin|Account 443370695612|us-east-2|vpc-049429bcc1857453d|aws-controltower-VPC|172.31.0.0/16|Deployed|NO|YES|OVERLAP_ONPREM|OVERLAP_ONPREM, NO_IPAM_ALLOCATION
443370695612|Central_Backup_Vault_443370695612_admin|Account 443370695612|us-east-2|172.31.0.0/16|172.31.0.0/16||Deployed|NO|YES|OVERLAP_ONPREM|OVERLAP_ONPREM, NO_IPAM_ALLOCATION
443370695612|Central_Backup_Vault_443370695612_admin|Account 443370695612|us-west-2|vpc-074941103e455405f|aws-controltower-VPC|172.31.0.0/16|Deployed|NO|YES|OVERLAP_ONPREM|OVERLAP_ONPREM, NO_IPAM_ALLOCATION
443370695612|Central_Backup_Vault_443370695612_admin|Account 443370695612|us-west-2|172.31.0.0/16|172.31.0.0/16||Deployed|NO|YES|OVERLAP_ONPREM|OVERLAP_ONPREM, NO_IPAM_ALLOCATION
976193251493|Central_KMS_Vault_976193251493_admin|Account 976193251493|us-east-2|vpc-0b27ce91dc42b1507|aws-controltower-VPC|172.31.0.0/16|Deployed|NO|YES|OVERLAP_ONPREM|OVERLAP_ONPREM, NO_IPAM_ALLOCATION
976193251493|Central_KMS_Vault_976193251493_admin|Account 976193251493|us-east-2|172.31.0.0/16|172.31.0.0/16||Deployed|NO|YES|OVERLAP_ONPREM|OVERLAP_ONPREM, NO_IPAM_ALLOCATION
976193251493|Central_KMS_Vault_976193251493_admin|Account 976193251493|us-west-2|vpc-029af1764d848fb00|aws-controltower-VPC|172.31.0.0/16|Deployed|NO|YES|OVERLAP_ONPREM|OVERLAP_ONPREM, NO_IPAM_ALLOCATION
976193251493|Central_KMS_Vault_976193251493_admin|Account 976193251493|us-west-2|172.31.0.0/16|172.31.0.0/16||Deployed|NO|YES|OVERLAP_ONPREM|OVERLAP_ONPREM, NO_IPAM_ALLOCATION
373317459136|Certificates_Mgmt_373317459136_admin|Account 373317459136|us-east-2|vpc-0f18dc291bda9d0f9|aws-controltower-VPC|172.31.0.0/16|Deployed|NO|YES|OVERLAP_ONPREM|OVERLAP_ONPREM, NO_IPAM_ALLOCATION
373317459136|Certificates_Mgmt_373317459136_admin|Account 373317459136|us-east-2|172.31.0.0/16|172.31.0.0/16||Deployed|NO|YES|OVERLAP_ONPREM|OVERLAP_ONPREM, NO_IPAM_ALLOCATION
373317459136|Certificates_Mgmt_373317459136_admin|Account 373317459136|us-west-2|vpc-05c805365fc4d6132|aws-controltower-VPC|172.31.0.0/16|Deployed|NO|YES|OVERLAP_ONPREM|OVERLAP_ONPREM, NO_IPAM_ALLOCATION
373317459136|Certificates_Mgmt_373317459136_admin|Account 373317459136|us-west-2|172.31.0.0/16|172.31.0.0/16||Deployed|NO|YES|OVERLAP_ONPREM|OVERLAP_ONPREM, NO_IPAM_ALLOCATION
920411896753|CloudOperations_920411896753_admin|Account 920411896753|us-east-2|vpc-040abf849af46cae9|aws-controltower-VPC|172.31.0.0/16|Deployed|NO|YES|OVERLAP_ONPREM|OVERLAP_ONPREM, NO_IPAM_ALLOCATION
920411896753|CloudOperations_920411896753_admin|Account 920411896753|us-east-2|172.31.0.0/16|172.31.0.0/16||Deployed|NO|YES|OVERLAP_ONPREM|OVERLAP_ONPREM, NO_IPAM_ALLOCATION
920411896753|CloudOperations_920411896753_admin|Account 920411896753|us-west-2|vpc-09079981c6faac78e|aws-controltower-VPC|172.31.0.0/16|Deployed|NO|YES|OVERLAP_ONPREM|OVERLAP_ONPREM, NO_IPAM_ALLOCATION
920411896753|CloudOperations_920411896753_admin|Account 920411896753|us-west-2|172.31.0.0/16|172.31.0.0/16||Deployed|NO|YES|OVERLAP_ONPREM|OVERLAP_ONPREM, NO_IPAM_ALLOCATION
285529797488|DataAnalyticsDev_285529797488_admin|Account 285529797488|us-east-2|vpc-09e1012b2b0fe0170|databricks-WorkerEnvId(workerenv-2270887208150215-0fa4a8f7-6529-4bae-87ea-33db8e76c46b)|10.232.0.0/16|Deployed|NO|YES|OVERLAP_ONPREM|OVERLAP_ONPREM, NO_IPAM_ALLOCATION
285529797488|DataAnalyticsDev_285529797488_admin|Account 285529797488|us-east-2|10.232.0.0/16|10.232.0.0/16||Deployed|NO|YES|OVERLAP_ONPREM|OVERLAP_ONPREM, NO_IPAM_ALLOCATION
285529797488|DataAnalyticsDev_285529797488_admin|Account 285529797488|us-east-2|vpc-01ca198792b66976d|aws-controltower-VPC|172.31.0.0/16|Deployed|NO|YES|OVERLAP_ONPREM|OVERLAP_ONPREM, NO_IPAM_ALLOCATION
285529797488|DataAnalyticsDev_285529797488_admin|Account 285529797488|us-east-2|172.31.0.0/16|172.31.0.0/16||Deployed|NO|YES|OVERLAP_ONPREM|OVERLAP_ONPREM, NO_IPAM_ALLOCATION
285529797488|DataAnalyticsDev_285529797488_admin|Account 285529797488|us-east-2|vpc-0421344ea6cc10be1|dataanalyticsdev|10.62.21.0/24|Deployed|NO|YES|OVERLAP_ONPREM|OVERLAP_ONPREM, NO_IPAM_ALLOCATION
285529797488|DataAnalyticsDev_285529797488_admin|Account 285529797488|us-east-2|10.62.21.0/24|10.62.17.128/26||Deployed|NO|YES|OVERLAP_ONPREM|OVERLAP_ONPREM, NO_IPAM_ALLOCATION
285529797488|DataAnalyticsDev_285529797488_admin|Account 285529797488|us-west-2|vpc-075897b7b03781fd1|dataanalyticsdev|10.162.21.0/24|Deployed|NO|YES|OVERLAP_ONPREM|OVERLAP_ONPREM, NO_IPAM_ALLOCATION
285529797488|DataAnalyticsDev_285529797488_admin|Account 285529797488|us-west-2|10.162.21.0/24|10.162.17.128/26||Deployed|NO|YES|OVERLAP_ONPREM|OVERLAP_ONPREM, NO_IPAM_ALLOCATION
285529797488|DataAnalyticsDev_285529797488_admin|Account 285529797488|us-west-2|vpc-03d84a9cdd620bccb|aws-controltower-VPC|172.31.0.0/16|Deployed|NO|YES|OVERLAP_ONPREM|OVERLAP_ONPREM, NO_IPAM_ALLOCATION
285529797488|DataAnalyticsDev_285529797488_admin|Account 285529797488|us-west-2|172.31.0.0/16|172.31.0.0/16||Deployed|NO|YES|OVERLAP_ONPREM|OVERLAP_ONPREM, NO_IPAM_ALLOCATION
203236040739|FinOps_203236040739_admin|Account 203236040739|us-east-2|vpc-09f182fe5a55e217d|aws-controltower-VPC|172.31.0.0/16|Deployed|NO|YES|OVERLAP_ONPREM|OVERLAP_ONPREM, NO_IPAM_ALLOCATION
203236040739|FinOps_203236040739_admin|Account 203236040739|us-east-2|172.31.0.0/16|172.31.0.0/16||Deployed|NO|YES|OVERLAP_ONPREM|OVERLAP_ONPREM, NO_IPAM_ALLOCATION
203236040739|FinOps_203236040739_admin|Account 203236040739|us-west-2|vpc-05bf4bbfcad83350c|aws-controltower-VPC|172.31.0.0/16|Deployed|NO|YES|OVERLAP_ONPREM|OVERLAP_ONPREM, NO_IPAM_ALLOCATION
203236040739|FinOps_203236040739_admin|Account 203236040739|us-west-2|172.31.0.0/16|172.31.0.0/16||Deployed|NO|YES|OVERLAP_ONPREM|OVERLAP_ONPREM, NO_IPAM_ALLOCATION
717279730613|Identity_Center_717279730613_admin|Account 717279730613|us-east-2|vpc-05fa5bc23ac2cbd59|aws-controltower-VPC|172.31.0.0/16|Deployed|NO|YES|OVERLAP_ONPREM|OVERLAP_ONPREM, NO_IPAM_ALLOCATION
717279730613|Identity_Center_717279730613_admin|Account 717279730613|us-east-2|172.31.0.0/16|172.31.0.0/16||Deployed|NO|YES|OVERLAP_ONPREM|OVERLAP_ONPREM, NO_IPAM_ALLOCATION
717279730613|Identity_Center_717279730613_admin|Account 717279730613|us-west-2|vpc-0cac6deee818fb315|aws-controltower-VPC|172.31.0.0/16|Deployed|NO|YES|OVERLAP_ONPREM|OVERLAP_ONPREM, NO_IPAM_ALLOCATION
717279730613|Identity_Center_717279730613_admin|Account 717279730613|us-west-2|172.31.0.0/16|172.31.0.0/16||Deployed|NO|YES|OVERLAP_ONPREM|OVERLAP_ONPREM, NO_IPAM_ALLOCATION
273268177664|IgelUmsDev_273268177664_admin|Account 273268177664|us-east-2|vpc-00126f3303c280d98|aws-controltower-VPC|172.31.0.0/16|Deployed|NO|YES|OVERLAP_ONPREM|OVERLAP_ONPREM, NO_IPAM_ALLOCATION
273268177664|IgelUmsDev_273268177664_admin|Account 273268177664|us-east-2|172.31.0.0/16|172.31.0.0/16||Deployed|NO|YES|OVERLAP_ONPREM|OVERLAP_ONPREM, NO_IPAM_ALLOCATION
273268177664|IgelUmsDev_273268177664_admin|Account 273268177664|us-west-2|vpc-044894d037a491cd4|aws-controltower-VPC|172.31.0.0/16|Deployed|NO|YES|OVERLAP_ONPREM|OVERLAP_ONPREM, NO_IPAM_ALLOCATION
273268177664|IgelUmsDev_273268177664_admin|Account 273268177664|us-west-2|172.31.0.0/16|172.31.0.0/16||Deployed|NO|YES|OVERLAP_ONPREM|OVERLAP_ONPREM, NO_IPAM_ALLOCATION
486295461085|IgelUmsProd_486295461085_admin|Account 486295461085|us-east-2|vpc-01ada87a827287ad4|aws-controltower-VPC|172.31.0.0/16|Deployed|NO|YES|OVERLAP_ONPREM|OVERLAP_ONPREM, NO_IPAM_ALLOCATION
486295461085|IgelUmsProd_486295461085_admin|Account 486295461085|us-east-2|172.31.0.0/16|172.31.0.0/16||Deployed|NO|YES|OVERLAP_ONPREM|OVERLAP_ONPREM, NO_IPAM_ALLOCATION
486295461085|IgelUmsProd_486295461085_admin|Account 486295461085|us-east-2|vpc-0398567617b434d4d|igelumsprod|10.62.23.0/24|Deployed|NO|YES|OVERLAP_ONPREM|OVERLAP_ONPREM, NO_IPAM_ALLOCATION
486295461085|IgelUmsProd_486295461085_admin|Account 486295461085|us-east-2|10.62.23.0/24|10.62.11.64/26||Deployed|NO|YES|OVERLAP_ONPREM|OVERLAP_ONPREM, NO_IPAM_ALLOCATION
486295461085|IgelUmsProd_486295461085_admin|Account 486295461085|us-west-2|vpc-02972f4b76395bc02|aws-controltower-VPC|172.31.0.0/16|Deployed|NO|YES|OVERLAP_ONPREM|OVERLAP_ONPREM, NO_IPAM_ALLOCATION
486295461085|IgelUmsProd_486295461085_admin|Account 486295461085|us-west-2|172.31.0.0/16|172.31.0.0/16||Deployed|NO|YES|OVERLAP_ONPREM|OVERLAP_ONPREM, NO_IPAM_ALLOCATION
486295461085|IgelUmsProd_486295461085_admin|Account 486295461085|us-west-2|vpc-0756c0f4a83adb8c4|igelumsprod|10.162.23.0/24|Deployed|NO|YES|OVERLAP_ONPREM|OVERLAP_ONPREM, NO_IPAM_ALLOCATION
486295461085|IgelUmsProd_486295461085_admin|Account 486295461085|us-west-2|10.162.23.0/24|10.162.11.64/26||Deployed|NO|YES|OVERLAP_ONPREM|OVERLAP_ONPREM, NO_IPAM_ALLOCATION
837098208196|InfrastructureObservability_837098208196_admin|Account 837098208196|us-east-2|vpc-04894fc63eb6ba039|aws-controltower-VPC|172.31.0.0/16|Deployed|NO|YES|OVERLAP_ONPREM|OVERLAP_ONPREM, NO_IPAM_ALLOCATION
837098208196|InfrastructureObservability_837098208196_admin|Account 837098208196|us-east-2|172.31.0.0/16|172.31.0.0/16||Deployed|NO|YES|OVERLAP_ONPREM|OVERLAP_ONPREM, NO_IPAM_ALLOCATION
837098208196|InfrastructureObservability_837098208196_admin|Account 837098208196|us-west-2|vpc-0a0bac0b7f5fe16b7|aws-controltower-VPC|172.31.0.0/16|Deployed|NO|YES|OVERLAP_ONPREM|OVERLAP_ONPREM, NO_IPAM_ALLOCATION
837098208196|InfrastructureObservability_837098208196_admin|Account 837098208196|us-west-2|172.31.0.0/16|172.31.0.0/16||Deployed|NO|YES|OVERLAP_ONPREM|OVERLAP_ONPREM, NO_IPAM_ALLOCATION
836217041434|InfrastructureObservabilityDev_836217041434_admin|Account 836217041434|us-east-2|vpc-0edaf02364e9291ba|infrastructureobservabilitydev|10.62.24.0/22|Deployed|NO|YES|OVERLAP_ONPREM|OVERLAP_ONPREM, NO_IPAM_ALLOCATION
836217041434|InfrastructureObservabilityDev_836217041434_admin|Account 836217041434|us-east-2|10.62.24.0/22|10.62.2.64/26||Deployed|NO|YES|OVERLAP_ONPREM|OVERLAP_ONPREM, NO_IPAM_ALLOCATION
836217041434|InfrastructureObservabilityDev_836217041434_admin|Account 836217041434|us-east-2|vpc-0970ca33f4d737213|aws-controltower-VPC|172.31.0.0/16|Deployed|NO|YES|OVERLAP_ONPREM|OVERLAP_ONPREM, NO_IPAM_ALLOCATION
836217041434|InfrastructureObservabilityDev_836217041434_admin|Account 836217041434|us-east-2|172.31.0.0/16|172.31.0.0/16||Deployed|NO|YES|OVERLAP_ONPREM|OVERLAP_ONPREM, NO_IPAM_ALLOCATION
836217041434|InfrastructureObservabilityDev_836217041434_admin|Account 836217041434|us-west-2|vpc-0a183eb4309298bfb|infrastructureobservabilitydev|10.162.24.0/22|Deployed|NO|YES|OVERLAP_ONPREM|OVERLAP_ONPREM, NO_IPAM_ALLOCATION
836217041434|InfrastructureObservabilityDev_836217041434_admin|Account 836217041434|us-west-2|10.162.24.0/22|10.162.2.64/26||Deployed|NO|YES|OVERLAP_ONPREM|OVERLAP_ONPREM, NO_IPAM_ALLOCATION
836217041434|InfrastructureObservabilityDev_836217041434_admin|Account 836217041434|us-west-2|vpc-0b9796c19b7f97dc3|aws-controltower-VPC|172.31.0.0/16|Deployed|NO|YES|OVERLAP_ONPREM|OVERLAP_ONPREM, NO_IPAM_ALLOCATION
836217041434|InfrastructureObservabilityDev_836217041434_admin|Account 836217041434|us-west-2|172.31.0.0/16|172.31.0.0/16||Deployed|NO|YES|OVERLAP_ONPREM|OVERLAP_ONPREM, NO_IPAM_ALLOCATION
185869891420|InfrastructureSharedServices_185869891420_admin|Infrastructure Shared Services|us-east-2|vpc-0d4d6700a6d7dddb1|aws-controltower-VPC|172.31.0.0/16|Deployed|NO|YES|OVERLAP_ONPREM|OVERLAP_ONPREM, NO_IPAM_ALLOCATION
185869891420|InfrastructureSharedServices_185869891420_admin|Infrastructure Shared Services|us-east-2|172.31.0.0/16|172.31.0.0/16||Deployed|NO|YES|OVERLAP_ONPREM|OVERLAP_ONPREM, NO_IPAM_ALLOCATION
185869891420|InfrastructureSharedServices_185869891420_admin|Infrastructure Shared Services|us-west-2|vpc-05d70fb6ef614cf93|aws-controltower-VPC|172.31.0.0/16|Deployed|NO|YES|OVERLAP_ONPREM|OVERLAP_ONPREM, NO_IPAM_ALLOCATION
185869891420|InfrastructureSharedServices_185869891420_admin|Infrastructure Shared Services|us-west-2|172.31.0.0/16|172.31.0.0/16||Deployed|NO|YES|OVERLAP_ONPREM|OVERLAP_ONPREM, NO_IPAM_ALLOCATION
015647311640|InfrastructureSharedServicesDev_015647311640_admin|Infrastructure Shared Services|us-east-2|vpc-05c8d0210467b6f7e|infrastructuresharedservicesdev|10.62.28.0/22|Deployed|NO|YES|OVERLAP_ONPREM|OVERLAP_ONPREM, NO_IPAM_ALLOCATION
015647311640|InfrastructureSharedServicesDev_015647311640_admin|Infrastructure Shared Services|us-east-2|10.62.28.0/22|10.62.11.0/26||Deployed|NO|YES|OVERLAP_ONPREM|OVERLAP_ONPREM, NO_IPAM_ALLOCATION
015647311640|InfrastructureSharedServicesDev_015647311640_admin|Infrastructure Shared Services|us-east-2|vpc-0ae86d2ec1114fe53|aws-controltower-VPC|172.31.0.0/16|Deployed|NO|YES|OVERLAP_ONPREM|OVERLAP_ONPREM, NO_IPAM_ALLOCATION
015647311640|InfrastructureSharedServicesDev_015647311640_admin|Infrastructure Shared Services|us-east-2|172.31.0.0/16|172.31.0.0/16||Deployed|NO|YES|OVERLAP_ONPREM|OVERLAP_ONPREM, NO_IPAM_ALLOCATION
015647311640|InfrastructureSharedServicesDev_015647311640_admin|Infrastructure Shared Services|us-west-2|vpc-0ed78159cde19124d|aws-controltower-VPC|172.31.0.0/16|Deployed|NO|YES|OVERLAP_ONPREM|OVERLAP_ONPREM, NO_IPAM_ALLOCATION
015647311640|InfrastructureSharedServicesDev_015647311640_admin|Infrastructure Shared Services|us-west-2|172.31.0.0/16|172.31.0.0/16||Deployed|NO|YES|OVERLAP_ONPREM|OVERLAP_ONPREM, NO_IPAM_ALLOCATION
015647311640|InfrastructureSharedServicesDev_015647311640_admin|Infrastructure Shared Services|us-west-2|vpc-0f2ad6aab1c1b7be4|infrastructuresharedservicesdev|10.162.28.0/22|Deployed|NO|YES|OVERLAP_ONPREM|OVERLAP_ONPREM, NO_IPAM_ALLOCATION
015647311640|InfrastructureSharedServicesDev_015647311640_admin|Infrastructure Shared Services|us-west-2|10.162.28.0/22|10.162.11.0/26||Deployed|NO|YES|OVERLAP_ONPREM|OVERLAP_ONPREM, NO_IPAM_ALLOCATION
981686515035|MasterDataManagement_dev_981686515035_admin|Account 981686515035|us-east-2|vpc-0114f8173cdbfea7d|aws-controltower-VPC|172.31.0.0/16|Deployed|NO|YES|OVERLAP_ONPREM|OVERLAP_ONPREM, NO_IPAM_ALLOCATION
981686515035|MasterDataManagement_dev_981686515035_admin|Account 981686515035|us-east-2|172.31.0.0/16|172.31.0.0/16||Deployed|NO|YES|OVERLAP_ONPREM|OVERLAP_ONPREM, NO_IPAM_ALLOCATION
981686515035|MasterDataManagement_dev_981686515035_admin|Account 981686515035|us-east-2|vpc-0c26b0769e2965fee|masterdatamanagementdev|10.62.18.0/23|Deployed|NO|YES|OVERLAP_ONPREM|OVERLAP_ONPREM, NO_IPAM_ALLOCATION
981686515035|MasterDataManagement_dev_981686515035_admin|Account 981686515035|us-east-2|10.62.18.0/23|10.62.17.0/26||Deployed|NO|YES|OVERLAP_ONPREM|OVERLAP_ONPREM, NO_IPAM_ALLOCATION
981686515035|MasterDataManagement_dev_981686515035_admin|Account 981686515035|us-west-2|vpc-067f1a9004421c107|aws-controltower-VPC|172.31.0.0/16|Deployed|NO|YES|OVERLAP_ONPREM|OVERLAP_ONPREM, NO_IPAM_ALLOCATION
981686515035|MasterDataManagement_dev_981686515035_admin|Account 981686515035|us-west-2|172.31.0.0/16|172.31.0.0/16||Deployed|NO|YES|OVERLAP_ONPREM|OVERLAP_ONPREM, NO_IPAM_ALLOCATION
981686515035|MasterDataManagement_dev_981686515035_admin|Account 981686515035|us-west-2|vpc-0f795b3b416192cca|masterdatamanagementdev|10.162.18.0/23|Deployed|NO|YES|OVERLAP_ONPREM|OVERLAP_ONPREM, NO_IPAM_ALLOCATION
981686515035|MasterDataManagement_dev_981686515035_admin|Account 981686515035|us-west-2|10.162.18.0/23|10.162.17.0/26||Deployed|NO|YES|OVERLAP_ONPREM|OVERLAP_ONPREM, NO_IPAM_ALLOCATION
210519480272|Migration_Tooling_210519480272_admin|Account 210519480272|us-east-2|vpc-0594c8b24a6f5f44e|migrationtooling|10.62.22.0/24|Deployed|NO|YES|OVERLAP_ONPREM|OVERLAP_ONPREM, NO_IPAM_ALLOCATION
210519480272|Migration_Tooling_210519480272_admin|Account 210519480272|us-east-2|10.62.22.0/24|10.62.17.192/26||Deployed|NO|YES|OVERLAP_ONPREM|OVERLAP_ONPREM, NO_IPAM_ALLOCATION
210519480272|Migration_Tooling_210519480272_admin|Account 210519480272|us-east-2|vpc-0643e51cf421304bb|aws-controltower-VPC|172.31.0.0/16|Deployed|NO|YES|OVERLAP_ONPREM|OVERLAP_ONPREM, NO_IPAM_ALLOCATION
210519480272|Migration_Tooling_210519480272_admin|Account 210519480272|us-east-2|172.31.0.0/16|172.31.0.0/16||Deployed|NO|YES|OVERLAP_ONPREM|OVERLAP_ONPREM, NO_IPAM_ALLOCATION
210519480272|Migration_Tooling_210519480272_admin|Account 210519480272|us-west-2|vpc-05ca7687467a5be42|aws-controltower-VPC|172.31.0.0/16|Deployed|NO|YES|OVERLAP_ONPREM|OVERLAP_ONPREM, NO_IPAM_ALLOCATION
210519480272|Migration_Tooling_210519480272_admin|Account 210519480272|us-west-2|172.31.0.0/16|172.31.0.0/16||Deployed|NO|YES|OVERLAP_ONPREM|OVERLAP_ONPREM, NO_IPAM_ALLOCATION
210519480272|Migration_Tooling_210519480272_admin|Account 210519480272|us-west-2|vpc-078c0fb8643ea9255|migrationtooling|10.162.22.0/24|Deployed|NO|YES|OVERLAP_ONPREM|OVERLAP_ONPREM, NO_IPAM_ALLOCATION
210519480272|Migration_Tooling_210519480272_admin|Account 210519480272|us-west-2|10.162.22.0/24|10.162.17.192/26||Deployed|NO|YES|OVERLAP_ONPREM|OVERLAP_ONPREM, NO_IPAM_ALLOCATION
207567762220|Network_Hub_207567762220_admin|Network Hub|us-east-2|vpc-013f073c6bcb020da|Centralized-Inbound|VPC|Deployed|NO|YES|OVERLAP_ONPREM|OVERLAP_ONPREM, NO_IPAM_ALLOCATION
207567762220|Network_Hub_207567762220_admin|Network Hub|us-east-2|vpc-013f073c6bcb020da|Centralized-Inbound|10.62.9.0/24|Deployed|NO|YES|OVERLAP_ONPREM|OVERLAP_ONPREM, NO_IPAM_ALLOCATION
207567762220|Network_Hub_207567762220_admin|Network Hub|us-east-2|10.62.9.0/24|10.62.9.0/24||Deployed|NO|YES|OVERLAP_ONPREM|OVERLAP_ONPREM, NO_IPAM_ALLOCATION
207567762220|Network_Hub_207567762220_admin|Network Hub|us-east-2|vpc-06212d2ea3bbe1a4d|Inspection-Inbound|VPC|Deployed|NO|YES|OVERLAP_ONPREM|OVERLAP_ONPREM, NO_IPAM_ALLOCATION
207567762220|Network_Hub_207567762220_admin|Network Hub|us-east-2|vpc-06212d2ea3bbe1a4d|Inspection-Inbound|10.62.1.0/24|Deployed|NO|YES|OVERLAP_ONPREM|OVERLAP_ONPREM, NO_IPAM_ALLOCATION
207567762220|Network_Hub_207567762220_admin|Network Hub|us-east-2|10.62.1.0/24|10.62.1.0/24||Deployed|NO|YES|OVERLAP_ONPREM|OVERLAP_ONPREM, NO_IPAM_ALLOCATION
207567762220|Network_Hub_207567762220_admin|Network Hub|us-east-2|vpc-0d63ce1ac3c1f28ff|Inspection|Vpc|Deployed|NO|YES|OVERLAP_ONPREM|OVERLAP_ONPREM, NO_IPAM_ALLOCATION
207567762220|Network_Hub_207567762220_admin|Network Hub|us-east-2|vpc-0d63ce1ac3c1f28ff|Inspection|GWLB 10.62.0.0/24|Deployed|NO|YES|OVERLAP_ONPREM|OVERLAP_ONPREM, NO_IPAM_ALLOCATION
207567762220|Network_Hub_207567762220_admin|Network Hub|us-east-2|10.62.0.0/24|10.62.8.0/24||Deployed|NO|YES|OVERLAP_ONPREM|OVERLAP_ONPREM, NO_IPAM_ALLOCATION
207567762220|Network_Hub_207567762220_admin|Network Hub|us-east-2|vpc-0bfbd668fea2e1f83|aws-controltower-VPC|172.31.0.0/16|Deployed|NO|YES|OVERLAP_ONPREM|OVERLAP_ONPREM, NO_IPAM_ALLOCATION
207567762220|Network_Hub_207567762220_admin|Network Hub|us-east-2|172.31.0.0/16|172.31.0.0/16||Deployed|NO|YES|OVERLAP_ONPREM|OVERLAP_ONPREM, NO_IPAM_ALLOCATION
207567762220|Network_Hub_207567762220_admin|Network Hub|us-east-2|vpc-04f4ad22d88f85160|DNS|and|Deployed|NO|YES|OVERLAP_ONPREM|OVERLAP_ONPREM, NO_IPAM_ALLOCATION
207567762220|Network_Hub_207567762220_admin|Network Hub|us-east-2|vpc-04f4ad22d88f85160|DNS|VPC Endpoint VPC 10.62.10.0/24|Deployed|NO|YES|OVERLAP_ONPREM|OVERLAP_ONPREM, NO_IPAM_ALLOCATION
207567762220|Network_Hub_207567762220_admin|Network Hub|us-east-2|10.62.10.0/24|10.62.10.0/24||Deployed|NO|YES|OVERLAP_ONPREM|OVERLAP_ONPREM, NO_IPAM_ALLOCATION
207567762220|Network_Hub_207567762220_admin|Network Hub|us-west-2|vpc-08f8277fe62005654|aws-controltower-VPC|172.31.0.0/16|Deployed|NO|YES|OVERLAP_ONPREM|OVERLAP_ONPREM, NO_IPAM_ALLOCATION
207567762220|Network_Hub_207567762220_admin|Network Hub|us-west-2|172.31.0.0/16|172.31.0.0/16||Deployed|NO|YES|OVERLAP_ONPREM|OVERLAP_ONPREM, NO_IPAM_ALLOCATION
207567762220|Network_Hub_207567762220_admin|Network Hub|us-west-2|vpc-0bae12ec54ee0b911|Centralized-Inbound|VPC|Deployed|NO|YES|OVERLAP_ONPREM|OVERLAP_ONPREM, NO_IPAM_ALLOCATION
207567762220|Network_Hub_207567762220_admin|Network Hub|us-west-2|vpc-0bae12ec54ee0b911|Centralized-Inbound|10.162.8.0/24|Deployed|NO|YES|OVERLAP_ONPREM|OVERLAP_ONPREM, NO_IPAM_ALLOCATION
207567762220|Network_Hub_207567762220_admin|Network Hub|us-west-2|10.162.8.0/24|10.162.8.0/24||Deployed|NO|YES|OVERLAP_ONPREM|OVERLAP_ONPREM, NO_IPAM_ALLOCATION
207567762220|Network_Hub_207567762220_admin|Network Hub|us-west-2|vpc-0259f5a2df63a4fc4|Inspection-Inbound|VPC|Deployed|NO|YES|OVERLAP_ONPREM|OVERLAP_ONPREM, NO_IPAM_ALLOCATION
207567762220|Network_Hub_207567762220_admin|Network Hub|us-west-2|vpc-0259f5a2df63a4fc4|Inspection-Inbound|10.162.1.0/24|Deployed|NO|YES|OVERLAP_ONPREM|OVERLAP_ONPREM, NO_IPAM_ALLOCATION
207567762220|Network_Hub_207567762220_admin|Network Hub|us-west-2|10.162.1.0/24|10.162.1.0/24||Deployed|NO|YES|OVERLAP_ONPREM|OVERLAP_ONPREM, NO_IPAM_ALLOCATION
207567762220|Network_Hub_207567762220_admin|Network Hub|us-west-2|vpc-0c8f75ff30ed7620c|Inspection|Vpc|Deployed|NO|YES|OVERLAP_ONPREM|OVERLAP_ONPREM, NO_IPAM_ALLOCATION
207567762220|Network_Hub_207567762220_admin|Network Hub|us-west-2|vpc-0c8f75ff30ed7620c|Inspection|GWLB 10.162.0.0/24|Deployed|NO|YES|OVERLAP_ONPREM|OVERLAP_ONPREM, NO_IPAM_ALLOCATION
207567762220|Network_Hub_207567762220_admin|Network Hub|us-west-2|10.162.0.0/24|10.162.9.0/24||Deployed|NO|YES|OVERLAP_ONPREM|OVERLAP_ONPREM, NO_IPAM_ALLOCATION
207567762220|Network_Hub_207567762220_admin|Network Hub|us-west-2|vpc-08b21b5a4c1a62df7|DNS|and|Deployed|NO|YES|OVERLAP_ONPREM|OVERLAP_ONPREM, NO_IPAM_ALLOCATION
207567762220|Network_Hub_207567762220_admin|Network Hub|us-west-2|vpc-08b21b5a4c1a62df7|DNS|VPC Endpoint VPC 10.162.10.0/24|Deployed|NO|YES|OVERLAP_ONPREM|OVERLAP_ONPREM, NO_IPAM_ALLOCATION
207567762220|Network_Hub_207567762220_admin|Network Hub|us-west-2|10.162.10.0/24|10.162.10.0/24||Deployed|NO|YES|OVERLAP_ONPREM|OVERLAP_ONPREM, NO_IPAM_ALLOCATION
037038093176|ORAS_Sandbox_SJS_037038093176_admin|Account 037038093176|us-east-2|vpc-0169a718d06acb26c|aws-controltower-VPC|172.31.0.0/16|Deployed|NO|YES|OVERLAP_ONPREM|OVERLAP_ONPREM, NO_IPAM_ALLOCATION
037038093176|ORAS_Sandbox_SJS_037038093176_admin|Account 037038093176|us-east-2|172.31.0.0/16|172.31.0.0/16||Deployed|NO|YES|OVERLAP_ONPREM|OVERLAP_ONPREM, NO_IPAM_ALLOCATION
037038093176|ORAS_Sandbox_SJS_037038093176_admin|Account 037038093176|us-east-2|vpc-00d1b541f891f386c|project-vpc|10.0.0.0/16|Deployed|NO|YES|OVERLAP_ONPREM|OVERLAP_ONPREM, NO_IPAM_ALLOCATION
037038093176|ORAS_Sandbox_SJS_037038093176_admin|Account 037038093176|us-east-2|10.0.0.0/16|10.0.0.0/16||Deployed|NO|YES|OVERLAP_ONPREM|OVERLAP_ONPREM, NO_IPAM_ALLOCATION
037038093176|ORAS_Sandbox_SJS_037038093176_admin|Account 037038093176|us-west-2|vpc-0811de5f2ef33a4a8|aws-controltower-VPC|172.31.0.0/16|Deployed|NO|YES|OVERLAP_ONPREM|OVERLAP_ONPREM, NO_IPAM_ALLOCATION
037038093176|ORAS_Sandbox_SJS_037038093176_admin|Account 037038093176|us-west-2|172.31.0.0/16|172.31.0.0/16||Deployed|NO|YES|OVERLAP_ONPREM|OVERLAP_ONPREM, NO_IPAM_ALLOCATION
397505358192|SDLC_DEV_Analytics_397505358192_admin|SDLC Development|us-east-2|vpc-0edaced3dc3d0180b|analytics|10.61.134.0/24|Deployed|NO|YES|OVERLAP_ONPREM|OVERLAP_ONPREM, NO_IPAM_ALLOCATION
397505358192|SDLC_DEV_Analytics_397505358192_admin|SDLC Development|us-east-2|10.61.134.0/24|10.61.133.0/26||Deployed|NO|YES|OVERLAP_ONPREM|OVERLAP_ONPREM, NO_IPAM_ALLOCATION
397505358192|SDLC_DEV_Analytics_397505358192_admin|SDLC Development|us-east-2|vpc-0b2d097f96d583992|aws-controltower-VPC|172.31.0.0/16|Deployed|NO|YES|OVERLAP_ONPREM|OVERLAP_ONPREM, NO_IPAM_ALLOCATION
397505358192|SDLC_DEV_Analytics_397505358192_admin|SDLC Development|us-east-2|172.31.0.0/16|172.31.0.0/16||Deployed|NO|YES|OVERLAP_ONPREM|OVERLAP_ONPREM, NO_IPAM_ALLOCATION
397505358192|SDLC_DEV_Analytics_397505358192_admin|SDLC Development|us-west-2|vpc-0b8e00d0d470cf5f4|analytics|10.161.134.0/24|Deployed|NO|YES|OVERLAP_ONPREM|OVERLAP_ONPREM, NO_IPAM_ALLOCATION
397505358192|SDLC_DEV_Analytics_397505358192_admin|SDLC Development|us-west-2|10.161.134.0/24|10.161.133.0/26||Deployed|NO|YES|OVERLAP_ONPREM|OVERLAP_ONPREM, NO_IPAM_ALLOCATION
397505358192|SDLC_DEV_Analytics_397505358192_admin|SDLC Development|us-west-2|vpc-06b26390132ea2df4|aws-controltower-VPC|172.31.0.0/16|Deployed|NO|YES|OVERLAP_ONPREM|OVERLAP_ONPREM, NO_IPAM_ALLOCATION
397505358192|SDLC_DEV_Analytics_397505358192_admin|SDLC Development|us-west-2|172.31.0.0/16|172.31.0.0/16||Deployed|NO|YES|OVERLAP_ONPREM|OVERLAP_ONPREM, NO_IPAM_ALLOCATION
204620195111|SDLC_DEV_CAPEX_REQUESTS_204620195111_admin|SDLC Development|us-east-2|vpc-046e3eb573678b762|capex-requests-dev|10.61.153.0/24|Deployed|NO|YES|OVERLAP_ONPREM|OVERLAP_ONPREM, NO_IPAM_ALLOCATION
204620195111|SDLC_DEV_CAPEX_REQUESTS_204620195111_admin|SDLC Development|us-east-2|10.61.153.0/24|10.61.147.64/26||Deployed|NO|YES|OVERLAP_ONPREM|OVERLAP_ONPREM, NO_IPAM_ALLOCATION
204620195111|SDLC_DEV_CAPEX_REQUESTS_204620195111_admin|SDLC Development|us-east-2|vpc-0a4f91657e6fa1673|aws-controltower-VPC|172.31.0.0/16|Deployed|NO|YES|OVERLAP_ONPREM|OVERLAP_ONPREM, NO_IPAM_ALLOCATION
204620195111|SDLC_DEV_CAPEX_REQUESTS_204620195111_admin|SDLC Development|us-east-2|172.31.0.0/16|172.31.0.0/16||Deployed|NO|YES|OVERLAP_ONPREM|OVERLAP_ONPREM, NO_IPAM_ALLOCATION
204620195111|SDLC_DEV_CAPEX_REQUESTS_204620195111_admin|SDLC Development|us-west-2|vpc-0da66b80cd8eb49bf|capex-requests-dev|10.161.153.0/24|Deployed|NO|YES|OVERLAP_ONPREM|OVERLAP_ONPREM, NO_IPAM_ALLOCATION
204620195111|SDLC_DEV_CAPEX_REQUESTS_204620195111_admin|SDLC Development|us-west-2|10.161.153.0/24|10.161.147.64/26||Deployed|NO|YES|OVERLAP_ONPREM|OVERLAP_ONPREM, NO_IPAM_ALLOCATION
204620195111|SDLC_DEV_CAPEX_REQUESTS_204620195111_admin|SDLC Development|us-west-2|vpc-0ca81dd4d39d9e457|aws-controltower-VPC|172.31.0.0/16|Deployed|NO|YES|OVERLAP_ONPREM|OVERLAP_ONPREM, NO_IPAM_ALLOCATION
204620195111|SDLC_DEV_CAPEX_REQUESTS_204620195111_admin|SDLC Development|us-west-2|172.31.0.0/16|172.31.0.0/16||Deployed|NO|YES|OVERLAP_ONPREM|OVERLAP_ONPREM, NO_IPAM_ALLOCATION
121899786920|SDLC_DEV_Cbc_Api_121899786920_admin|SDLC Development|us-east-2|vpc-05c9400eb2c33d998|cbc-api|10.61.140.0/22|Deployed|NO|YES|OVERLAP_ONPREM|OVERLAP_ONPREM, NO_IPAM_ALLOCATION
121899786920|SDLC_DEV_Cbc_Api_121899786920_admin|SDLC Development|us-east-2|10.61.140.0/22|10.61.133.192/26||Deployed|NO|YES|OVERLAP_ONPREM|OVERLAP_ONPREM, NO_IPAM_ALLOCATION
121899786920|SDLC_DEV_Cbc_Api_121899786920_admin|SDLC Development|us-east-2|vpc-082acdb24c927156f|aws-controltower-VPC|172.31.0.0/16|Deployed|NO|YES|OVERLAP_ONPREM|OVERLAP_ONPREM, NO_IPAM_ALLOCATION
121899786920|SDLC_DEV_Cbc_Api_121899786920_admin|SDLC Development|us-east-2|172.31.0.0/16|172.31.0.0/16||Deployed|NO|YES|OVERLAP_ONPREM|OVERLAP_ONPREM, NO_IPAM_ALLOCATION
121899786920|SDLC_DEV_Cbc_Api_121899786920_admin|SDLC Development|us-east-2|vpc-09aa71f8097eb2461|aa-a835329|172.30.0.0/16|Deployed|NO|YES|OVERLAP_ONPREM|OVERLAP_ONPREM, NO_IPAM_ALLOCATION
121899786920|SDLC_DEV_Cbc_Api_121899786920_admin|SDLC Development|us-east-2|172.30.0.0/16|172.30.0.0/16||Deployed|NO|YES|OVERLAP_ONPREM|OVERLAP_ONPREM, NO_IPAM_ALLOCATION
121899786920|SDLC_DEV_Cbc_Api_121899786920_admin|SDLC Development|us-west-2|vpc-074c8a7d12f72d7a5|cbc-api|10.161.140.0/22|Deployed|NO|YES|OVERLAP_ONPREM|OVERLAP_ONPREM, NO_IPAM_ALLOCATION
121899786920|SDLC_DEV_Cbc_Api_121899786920_admin|SDLC Development|us-west-2|10.161.140.0/22|10.161.133.192/26||Deployed|NO|YES|OVERLAP_ONPREM|OVERLAP_ONPREM, NO_IPAM_ALLOCATION
121899786920|SDLC_DEV_Cbc_Api_121899786920_admin|SDLC Development|us-west-2|vpc-018c2a3d4e80f51c1|aws-controltower-VPC|172.31.0.0/16|Deployed|NO|YES|OVERLAP_ONPREM|OVERLAP_ONPREM, NO_IPAM_ALLOCATION
121899786920|SDLC_DEV_Cbc_Api_121899786920_admin|SDLC Development|us-west-2|172.31.0.0/16|172.31.0.0/16||Deployed|NO|YES|OVERLAP_ONPREM|OVERLAP_ONPREM, NO_IPAM_ALLOCATION
164722634029|SDLC_DEV_Certificates_Mgmt_164722634029_admin|SDLC Development|us-east-2|vpc-0806a7bc98ca5104b|aws-controltower-VPC|172.31.0.0/16|Deployed|NO|YES|OVERLAP_ONPREM|OVERLAP_ONPREM, NO_IPAM_ALLOCATION
164722634029|SDLC_DEV_Certificates_Mgmt_164722634029_admin|SDLC Development|us-east-2|172.31.0.0/16|172.31.0.0/16||Deployed|NO|YES|OVERLAP_ONPREM|OVERLAP_ONPREM, NO_IPAM_ALLOCATION
164722634029|SDLC_DEV_Certificates_Mgmt_164722634029_admin|SDLC Development|us-east-2|vpc-066783b54fccbadcd|certificates-mgmt|10.61.135.0/24|Deployed|NO|YES|OVERLAP_ONPREM|OVERLAP_ONPREM, NO_IPAM_ALLOCATION
164722634029|SDLC_DEV_Certificates_Mgmt_164722634029_admin|SDLC Development|us-east-2|10.61.135.0/24|10.61.133.128/26||Deployed|NO|YES|OVERLAP_ONPREM|OVERLAP_ONPREM, NO_IPAM_ALLOCATION
164722634029|SDLC_DEV_Certificates_Mgmt_164722634029_admin|SDLC Development|us-west-2|vpc-09f1472076ee9a176|aws-controltower-VPC|172.31.0.0/16|Deployed|NO|YES|OVERLAP_ONPREM|OVERLAP_ONPREM, NO_IPAM_ALLOCATION
164722634029|SDLC_DEV_Certificates_Mgmt_164722634029_admin|SDLC Development|us-west-2|172.31.0.0/16|172.31.0.0/16||Deployed|NO|YES|OVERLAP_ONPREM|OVERLAP_ONPREM, NO_IPAM_ALLOCATION
164722634029|SDLC_DEV_Certificates_Mgmt_164722634029_admin|SDLC Development|us-west-2|vpc-0511d7a516d038e85|certificates-mgmt|10.161.135.0/24|Deployed|NO|YES|OVERLAP_ONPREM|OVERLAP_ONPREM, NO_IPAM_ALLOCATION
164722634029|SDLC_DEV_Certificates_Mgmt_164722634029_admin|SDLC Development|us-west-2|10.161.135.0/24|10.161.133.128/26||Deployed|NO|YES|OVERLAP_ONPREM|OVERLAP_ONPREM, NO_IPAM_ALLOCATION
883922753412|SDLC_DEV_EasyPay_883922753412_admin|SDLC Development|us-east-2|vpc-04e1d219d8310ce61|easypay-sit|10.61.150.0/23|Deployed|NO|YES|OVERLAP_ONPREM|OVERLAP_ONPREM, NO_IPAM_ALLOCATION
883922753412|SDLC_DEV_EasyPay_883922753412_admin|SDLC Development|us-east-2|10.61.150.0/23|10.61.144.192/26||Deployed|NO|YES|OVERLAP_ONPREM|OVERLAP_ONPREM, NO_IPAM_ALLOCATION
883922753412|SDLC_DEV_EasyPay_883922753412_admin|SDLC Development|us-east-2|vpc-0490af99d70753621|easypay|10.61.131.0/24|Deployed|NO|YES|OVERLAP_ONPREM|OVERLAP_ONPREM, NO_IPAM_ALLOCATION
883922753412|SDLC_DEV_EasyPay_883922753412_admin|SDLC Development|us-east-2|10.61.131.0/24|10.61.128.128/26||Deployed|NO|YES|OVERLAP_ONPREM|OVERLAP_ONPREM, NO_IPAM_ALLOCATION
883922753412|SDLC_DEV_EasyPay_883922753412_admin|SDLC Development|us-east-2|vpc-0ecf958923dac0ef8|aws-controltower-VPC|172.31.0.0/16|Deployed|NO|YES|OVERLAP_ONPREM|OVERLAP_ONPREM, NO_IPAM_ALLOCATION
883922753412|SDLC_DEV_EasyPay_883922753412_admin|SDLC Development|us-east-2|172.31.0.0/16|172.31.0.0/16||Deployed|NO|YES|OVERLAP_ONPREM|OVERLAP_ONPREM, NO_IPAM_ALLOCATION
883922753412|SDLC_DEV_EasyPay_883922753412_admin|SDLC Development|us-west-2|vpc-0179a2edfe39b5f96|easypay|10.161.131.0/24|Deployed|NO|YES|OVERLAP_ONPREM|OVERLAP_ONPREM, NO_IPAM_ALLOCATION
883922753412|SDLC_DEV_EasyPay_883922753412_admin|SDLC Development|us-west-2|10.161.131.0/24|10.161.128.128/26||Deployed|NO|YES|OVERLAP_ONPREM|OVERLAP_ONPREM, NO_IPAM_ALLOCATION
883922753412|SDLC_DEV_EasyPay_883922753412_admin|SDLC Development|us-west-2|vpc-0044bdf88942ac829|easypay-sit|10.161.150.0/23|Deployed|NO|YES|OVERLAP_ONPREM|OVERLAP_ONPREM, NO_IPAM_ALLOCATION
883922753412|SDLC_DEV_EasyPay_883922753412_admin|SDLC Development|us-west-2|10.161.150.0/23|10.161.144.192/26||Deployed|NO|YES|OVERLAP_ONPREM|OVERLAP_ONPREM, NO_IPAM_ALLOCATION
883922753412|SDLC_DEV_EasyPay_883922753412_admin|SDLC Development|us-west-2|vpc-0586376329b302628|aws-controltower-VPC|172.31.0.0/16|Deployed|NO|YES|OVERLAP_ONPREM|OVERLAP_ONPREM, NO_IPAM_ALLOCATION
883922753412|SDLC_DEV_EasyPay_883922753412_admin|SDLC Development|us-west-2|172.31.0.0/16|172.31.0.0/16||Deployed|NO|YES|OVERLAP_ONPREM|OVERLAP_ONPREM, NO_IPAM_ALLOCATION
913508319555|SDLC_DEV_Legaldocs_913508319555_admin|SDLC Development|us-east-2|vpc-0a30fb5ea2b1cb4ba|aws-controltower-VPC|172.31.0.0/16|Deployed|NO|YES|OVERLAP_ONPREM|OVERLAP_ONPREM, NO_IPAM_ALLOCATION
913508319555|SDLC_DEV_Legaldocs_913508319555_admin|SDLC Development|us-east-2|172.31.0.0/16|172.31.0.0/16||Deployed|NO|YES|OVERLAP_ONPREM|OVERLAP_ONPREM, NO_IPAM_ALLOCATION
913508319555|SDLC_DEV_Legaldocs_913508319555_admin|SDLC Development|us-east-2|vpc-02ec4118b785471c5|legaldocs|10.61.130.0/24|Deployed|NO|YES|OVERLAP_ONPREM|OVERLAP_ONPREM, NO_IPAM_ALLOCATION
913508319555|SDLC_DEV_Legaldocs_913508319555_admin|SDLC Development|us-east-2|10.61.130.0/24|10.61.128.64/26||Deployed|NO|YES|OVERLAP_ONPREM|OVERLAP_ONPREM, NO_IPAM_ALLOCATION
913508319555|SDLC_DEV_Legaldocs_913508319555_admin|SDLC Development|us-west-2|vpc-06cb602b4aaa4d5c2|aws-controltower-VPC|172.31.0.0/16|Deployed|NO|YES|OVERLAP_ONPREM|OVERLAP_ONPREM, NO_IPAM_ALLOCATION
913508319555|SDLC_DEV_Legaldocs_913508319555_admin|SDLC Development|us-west-2|172.31.0.0/16|172.31.0.0/16||Deployed|NO|YES|OVERLAP_ONPREM|OVERLAP_ONPREM, NO_IPAM_ALLOCATION
913508319555|SDLC_DEV_Legaldocs_913508319555_admin|SDLC Development|us-west-2|vpc-0a74816eec4f41494|legaldocs|10.161.130.0/24|Deployed|NO|YES|OVERLAP_ONPREM|OVERLAP_ONPREM, NO_IPAM_ALLOCATION
913508319555|SDLC_DEV_Legaldocs_913508319555_admin|SDLC Development|us-west-2|10.161.130.0/24|10.161.128.64/26||Deployed|NO|YES|OVERLAP_ONPREM|OVERLAP_ONPREM, NO_IPAM_ALLOCATION
981476178331|SDLC_DEV_Ngac_981476178331_admin|SDLC Development|us-east-2|vpc-00c340432dd6a8921|aws-controltower-VPC|172.31.0.0/16|Deployed|NO|YES|OVERLAP_ONPREM|OVERLAP_ONPREM, NO_IPAM_ALLOCATION
981476178331|SDLC_DEV_Ngac_981476178331_admin|SDLC Development|us-east-2|172.31.0.0/16|172.31.0.0/16||Deployed|NO|YES|OVERLAP_ONPREM|OVERLAP_ONPREM, NO_IPAM_ALLOCATION
981476178331|SDLC_DEV_Ngac_981476178331_admin|SDLC Development|us-east-2|vpc-052e5130b247ca8d9|ngac|10.61.132.0/24|Deployed|NO|YES|OVERLAP_ONPREM|OVERLAP_ONPREM, NO_IPAM_ALLOCATION
981476178331|SDLC_DEV_Ngac_981476178331_admin|SDLC Development|us-east-2|10.61.132.0/24|10.61.128.192/26||Deployed|NO|YES|OVERLAP_ONPREM|OVERLAP_ONPREM, NO_IPAM_ALLOCATION
981476178331|SDLC_DEV_Ngac_981476178331_admin|SDLC Development|us-west-2|vpc-017b86f8d9978dbfa|aws-controltower-VPC|172.31.0.0/16|Deployed|NO|YES|OVERLAP_ONPREM|OVERLAP_ONPREM, NO_IPAM_ALLOCATION
981476178331|SDLC_DEV_Ngac_981476178331_admin|SDLC Development|us-west-2|172.31.0.0/16|172.31.0.0/16||Deployed|NO|YES|OVERLAP_ONPREM|OVERLAP_ONPREM, NO_IPAM_ALLOCATION
981476178331|SDLC_DEV_Ngac_981476178331_admin|SDLC Development|us-west-2|vpc-0245e9bef8fa9694c|ngac|10.161.132.0/24|Deployed|NO|YES|OVERLAP_ONPREM|OVERLAP_ONPREM, NO_IPAM_ALLOCATION
981476178331|SDLC_DEV_Ngac_981476178331_admin|SDLC Development|us-west-2|10.161.132.0/24|10.161.128.192/26||Deployed|NO|YES|OVERLAP_ONPREM|OVERLAP_ONPREM, NO_IPAM_ALLOCATION
081130952466|SDLC_DEV_OnsiteCardIssuance_081130952466_admin|SDLC Development|us-east-2|vpc-055429fb6c01349ad|onsitecardissuance|10.61.152.0/24|Deployed|NO|YES|OVERLAP_ONPREM|OVERLAP_ONPREM, NO_IPAM_ALLOCATION
081130952466|SDLC_DEV_OnsiteCardIssuance_081130952466_admin|SDLC Development|us-east-2|10.61.152.0/24|10.61.147.0/26||Deployed|NO|YES|OVERLAP_ONPREM|OVERLAP_ONPREM, NO_IPAM_ALLOCATION
081130952466|SDLC_DEV_OnsiteCardIssuance_081130952466_admin|SDLC Development|us-east-2|vpc-02ddd67643e70a964|aws-controltower-VPC|172.31.0.0/16|Deployed|NO|YES|OVERLAP_ONPREM|OVERLAP_ONPREM, NO_IPAM_ALLOCATION
081130952466|SDLC_DEV_OnsiteCardIssuance_081130952466_admin|SDLC Development|us-east-2|172.31.0.0/16|172.31.0.0/16||Deployed|NO|YES|OVERLAP_ONPREM|OVERLAP_ONPREM, NO_IPAM_ALLOCATION
081130952466|SDLC_DEV_OnsiteCardIssuance_081130952466_admin|SDLC Development|us-west-2|vpc-0070e0f1f120580d5|onsitecardissuance|10.161.152.0/24|Deployed|NO|YES|OVERLAP_ONPREM|OVERLAP_ONPREM, NO_IPAM_ALLOCATION
081130952466|SDLC_DEV_OnsiteCardIssuance_081130952466_admin|SDLC Development|us-west-2|10.161.152.0/24|10.161.147.0/26||Deployed|NO|YES|OVERLAP_ONPREM|OVERLAP_ONPREM, NO_IPAM_ALLOCATION
081130952466|SDLC_DEV_OnsiteCardIssuance_081130952466_admin|SDLC Development|us-west-2|vpc-0809dfad8b6e671f3|aws-controltower-VPC|172.31.0.0/16|Deployed|NO|YES|OVERLAP_ONPREM|OVERLAP_ONPREM, NO_IPAM_ALLOCATION
081130952466|SDLC_DEV_OnsiteCardIssuance_081130952466_admin|SDLC Development|us-west-2|172.31.0.0/16|172.31.0.0/16||Deployed|NO|YES|OVERLAP_ONPREM|OVERLAP_ONPREM, NO_IPAM_ALLOCATION
742858819787|SDLC_DEV_Prescreen_742858819787_admin|SDLC Development|us-east-2|vpc-07e033af97046d1e1|prescreen-dev|10.61.146.0/24|Deployed|NO|YES|OVERLAP_ONPREM|OVERLAP_ONPREM, NO_IPAM_ALLOCATION
742858819787|SDLC_DEV_Prescreen_742858819787_admin|SDLC Development|us-east-2|10.61.146.0/24|10.61.144.64/26||Deployed|NO|YES|OVERLAP_ONPREM|OVERLAP_ONPREM, NO_IPAM_ALLOCATION
742858819787|SDLC_DEV_Prescreen_742858819787_admin|SDLC Development|us-east-2|vpc-0e67129beb968bf1c|aws-controltower-VPC|172.31.0.0/16|Deployed|NO|YES|OVERLAP_ONPREM|OVERLAP_ONPREM, NO_IPAM_ALLOCATION
742858819787|SDLC_DEV_Prescreen_742858819787_admin|SDLC Development|us-east-2|172.31.0.0/16|172.31.0.0/16||Deployed|NO|YES|OVERLAP_ONPREM|OVERLAP_ONPREM, NO_IPAM_ALLOCATION
742858819787|SDLC_DEV_Prescreen_742858819787_admin|SDLC Development|us-west-2|vpc-052874250d3b9ec99|prescreen-dev|10.161.146.0/24|Deployed|NO|YES|OVERLAP_ONPREM|OVERLAP_ONPREM, NO_IPAM_ALLOCATION
742858819787|SDLC_DEV_Prescreen_742858819787_admin|SDLC Development|us-west-2|10.161.146.0/24|10.161.144.64/26||Deployed|NO|YES|OVERLAP_ONPREM|OVERLAP_ONPREM, NO_IPAM_ALLOCATION
742858819787|SDLC_DEV_Prescreen_742858819787_admin|SDLC Development|us-west-2|vpc-05ad603bf4722a67f|aws-controltower-VPC|172.31.0.0/16|Deployed|NO|YES|OVERLAP_ONPREM|OVERLAP_ONPREM, NO_IPAM_ALLOCATION
742858819787|SDLC_DEV_Prescreen_742858819787_admin|SDLC Development|us-west-2|172.31.0.0/16|172.31.0.0/16||Deployed|NO|YES|OVERLAP_ONPREM|OVERLAP_ONPREM, NO_IPAM_ALLOCATION
995673420311|SDLC_DEV_RTI_995673420311_admin|SDLC Development|us-east-2|vpc-0c693466e1fe2765b|aws-controltower-VPC|172.31.0.0/16|Deployed|NO|YES|OVERLAP_ONPREM|OVERLAP_ONPREM, NO_IPAM_ALLOCATION
995673420311|SDLC_DEV_RTI_995673420311_admin|SDLC Development|us-east-2|172.31.0.0/16|172.31.0.0/16||Deployed|NO|YES|OVERLAP_ONPREM|OVERLAP_ONPREM, NO_IPAM_ALLOCATION
995673420311|SDLC_DEV_RTI_995673420311_admin|SDLC Development|us-east-2|vpc-0bc4f8035e1265c35|rti|10.61.145.0/24|Deployed|NO|YES|OVERLAP_ONPREM|OVERLAP_ONPREM, NO_IPAM_ALLOCATION
995673420311|SDLC_DEV_RTI_995673420311_admin|SDLC Development|us-east-2|10.61.145.0/24|10.61.144.0/26||Deployed|NO|YES|OVERLAP_ONPREM|OVERLAP_ONPREM, NO_IPAM_ALLOCATION
995673420311|SDLC_DEV_RTI_995673420311_admin|SDLC Development|us-west-2|vpc-05a674570d2d7c86b|aws-controltower-VPC|172.31.0.0/16|Deployed|NO|YES|OVERLAP_ONPREM|OVERLAP_ONPREM, NO_IPAM_ALLOCATION
995673420311|SDLC_DEV_RTI_995673420311_admin|SDLC Development|us-west-2|172.31.0.0/16|172.31.0.0/16||Deployed|NO|YES|OVERLAP_ONPREM|OVERLAP_ONPREM, NO_IPAM_ALLOCATION
995673420311|SDLC_DEV_RTI_995673420311_admin|SDLC Development|us-west-2|vpc-0209bf05389ae3796|rti|10.161.145.0/24|Deployed|NO|YES|OVERLAP_ONPREM|OVERLAP_ONPREM, NO_IPAM_ALLOCATION
995673420311|SDLC_DEV_RTI_995673420311_admin|SDLC Development|us-west-2|10.161.145.0/24|10.161.144.0/26||Deployed|NO|YES|OVERLAP_ONPREM|OVERLAP_ONPREM, NO_IPAM_ALLOCATION
064197590150|SDLC_DEV_Rewards_Api_064197590150_admin|SDLC Development|us-east-2|vpc-0a46fe7f27b1beb08|rewards-api|10.61.136.0/22|Deployed|NO|YES|OVERLAP_ONPREM|OVERLAP_ONPREM, NO_IPAM_ALLOCATION
064197590150|SDLC_DEV_Rewards_Api_064197590150_admin|SDLC Development|us-east-2|10.61.136.0/22|10.61.133.64/26||Deployed|NO|YES|OVERLAP_ONPREM|OVERLAP_ONPREM, NO_IPAM_ALLOCATION
064197590150|SDLC_DEV_Rewards_Api_064197590150_admin|SDLC Development|us-east-2|vpc-09d555e07c7fd4eb5|aws-controltower-VPC|172.31.0.0/16|Deployed|NO|YES|OVERLAP_ONPREM|OVERLAP_ONPREM, NO_IPAM_ALLOCATION
064197590150|SDLC_DEV_Rewards_Api_064197590150_admin|SDLC Development|us-east-2|172.31.0.0/16|172.31.0.0/16||Deployed|NO|YES|OVERLAP_ONPREM|OVERLAP_ONPREM, NO_IPAM_ALLOCATION
064197590150|SDLC_DEV_Rewards_Api_064197590150_admin|SDLC Development|us-west-2|vpc-0f3a29c8914f8ae0e|aws-controltower-VPC|172.31.0.0/16|Deployed|NO|YES|OVERLAP_ONPREM|OVERLAP_ONPREM, NO_IPAM_ALLOCATION
064197590150|SDLC_DEV_Rewards_Api_064197590150_admin|SDLC Development|us-west-2|172.31.0.0/16|172.31.0.0/16||Deployed|NO|YES|OVERLAP_ONPREM|OVERLAP_ONPREM, NO_IPAM_ALLOCATION
064197590150|SDLC_DEV_Rewards_Api_064197590150_admin|SDLC Development|us-west-2|vpc-08bf76bad756ffbd5|rewards-api|10.161.136.0/22|Deployed|NO|YES|OVERLAP_ONPREM|OVERLAP_ONPREM, NO_IPAM_ALLOCATION
064197590150|SDLC_DEV_Rewards_Api_064197590150_admin|SDLC Development|us-west-2|10.161.136.0/22|10.161.133.64/26||Deployed|NO|YES|OVERLAP_ONPREM|OVERLAP_ONPREM, NO_IPAM_ALLOCATION
246881155048|SDLC_DEV_SMARTMART_246881155048_admin|SDLC Development|us-east-2|vpc-0f09dd167a070057e|smartmart-dev|10.61.148.0/23|Deployed|NO|YES|OVERLAP_ONPREM|OVERLAP_ONPREM, NO_IPAM_ALLOCATION
246881155048|SDLC_DEV_SMARTMART_246881155048_admin|SDLC Development|us-east-2|10.61.148.0/23|10.61.144.128/26||Deployed|NO|YES|OVERLAP_ONPREM|OVERLAP_ONPREM, NO_IPAM_ALLOCATION
246881155048|SDLC_DEV_SMARTMART_246881155048_admin|SDLC Development|us-east-2|vpc-08854212b656959d8|aws-controltower-VPC|172.31.0.0/16|Deployed|NO|YES|OVERLAP_ONPREM|OVERLAP_ONPREM, NO_IPAM_ALLOCATION
246881155048|SDLC_DEV_SMARTMART_246881155048_admin|SDLC Development|us-east-2|172.31.0.0/16|172.31.0.0/16||Deployed|NO|YES|OVERLAP_ONPREM|OVERLAP_ONPREM, NO_IPAM_ALLOCATION
246881155048|SDLC_DEV_SMARTMART_246881155048_admin|SDLC Development|us-west-2|vpc-0cf8d861f6637f882|smartmart-dev|10.161.148.0/23|Deployed|NO|YES|OVERLAP_ONPREM|OVERLAP_ONPREM, NO_IPAM_ALLOCATION
246881155048|SDLC_DEV_SMARTMART_246881155048_admin|SDLC Development|us-west-2|10.161.148.0/23|10.161.144.128/26||Deployed|NO|YES|OVERLAP_ONPREM|OVERLAP_ONPREM, NO_IPAM_ALLOCATION
246881155048|SDLC_DEV_SMARTMART_246881155048_admin|SDLC Development|us-west-2|vpc-01d44b85192255cb5|aws-controltower-VPC|172.31.0.0/16|Deployed|NO|YES|OVERLAP_ONPREM|OVERLAP_ONPREM, NO_IPAM_ALLOCATION
246881155048|SDLC_DEV_SMARTMART_246881155048_admin|SDLC Development|us-west-2|172.31.0.0/16|172.31.0.0/16||Deployed|NO|YES|OVERLAP_ONPREM|OVERLAP_ONPREM, NO_IPAM_ALLOCATION
893061506494|SDLC_DEV_Testing_893061506494_admin|SDLC Development|us-east-2|vpc-047a42406b1547bac|aws-controltower-VPC|172.31.0.0/16|Deployed|NO|YES|OVERLAP_ONPREM|OVERLAP_ONPREM, NO_IPAM_ALLOCATION
893061506494|SDLC_DEV_Testing_893061506494_admin|SDLC Development|us-east-2|172.31.0.0/16|172.31.0.0/16||Deployed|NO|YES|OVERLAP_ONPREM|OVERLAP_ONPREM, NO_IPAM_ALLOCATION
893061506494|SDLC_DEV_Testing_893061506494_admin|SDLC Development|us-east-2|vpc-0b66702585f253617|DEV-vpc|10.61.129.0/24|Deployed|NO|YES|OVERLAP_ONPREM|OVERLAP_ONPREM, NO_IPAM_ALLOCATION
893061506494|SDLC_DEV_Testing_893061506494_admin|SDLC Development|us-east-2|10.61.129.0/24|10.61.128.0/26||Deployed|NO|YES|OVERLAP_ONPREM|OVERLAP_ONPREM, NO_IPAM_ALLOCATION
893061506494|SDLC_DEV_Testing_893061506494_admin|SDLC Development|us-east-2|vpc-02910ca60fbfc2932|temp-fw-loadtest|192.168.166.0/24|Deployed|NO|YES|OVERLAP_ONPREM|OVERLAP_ONPREM, NO_IPAM_ALLOCATION
893061506494|SDLC_DEV_Testing_893061506494_admin|SDLC Development|us-east-2|192.168.166.0/24|192.168.166.0/24||Deployed|NO|YES|OVERLAP_ONPREM|OVERLAP_ONPREM, NO_IPAM_ALLOCATION
893061506494|SDLC_DEV_Testing_893061506494_admin|SDLC Development|us-west-2|vpc-0504c587269e51550|fw-loadtest-west-vpc|192.168.170.0/24|Deployed|NO|YES|OVERLAP_ONPREM|OVERLAP_ONPREM, NO_IPAM_ALLOCATION
893061506494|SDLC_DEV_Testing_893061506494_admin|SDLC Development|us-west-2|192.168.170.0/24|192.168.170.0/24||Deployed|NO|YES|OVERLAP_ONPREM|OVERLAP_ONPREM, NO_IPAM_ALLOCATION
893061506494|SDLC_DEV_Testing_893061506494_admin|SDLC Development|us-west-2|vpc-029d579947855a3b3|DEV-vpc|10.161.129.0/24|Deployed|NO|YES|OVERLAP_ONPREM|OVERLAP_ONPREM, NO_IPAM_ALLOCATION
893061506494|SDLC_DEV_Testing_893061506494_admin|SDLC Development|us-west-2|10.161.129.0/24|10.161.128.0/26||Deployed|NO|YES|OVERLAP_ONPREM|OVERLAP_ONPREM, NO_IPAM_ALLOCATION
893061506494|SDLC_DEV_Testing_893061506494_admin|SDLC Development|us-west-2|vpc-06800350f5c3879b8|aws-controltower-VPC|172.31.0.0/16|Deployed|NO|YES|OVERLAP_ONPREM|OVERLAP_ONPREM, NO_IPAM_ALLOCATION
893061506494|SDLC_DEV_Testing_893061506494_admin|SDLC Development|us-west-2|172.31.0.0/16|172.31.0.0/16||Deployed|NO|YES|OVERLAP_ONPREM|OVERLAP_ONPREM, NO_IPAM_ALLOCATION
381293814657|SDLC_QA_CAPEX_REQUESTS_381293814657_admin|SDLC QA|us-east-2|vpc-03e683e9c1bec4875|capex-requests-sit|10.61.30.0/24|Deployed|NO|YES|OVERLAP_ONPREM|OVERLAP_ONPREM, NO_IPAM_ALLOCATION
381293814657|SDLC_QA_CAPEX_REQUESTS_381293814657_admin|SDLC QA|us-east-2|10.61.30.0/24|10.61.29.0/26||Deployed|NO|YES|OVERLAP_ONPREM|OVERLAP_ONPREM, NO_IPAM_ALLOCATION
381293814657|SDLC_QA_CAPEX_REQUESTS_381293814657_admin|SDLC QA|us-east-2|vpc-0f5f5db29d33fea18|aws-controltower-VPC|172.31.0.0/16|Deployed|NO|YES|OVERLAP_ONPREM|OVERLAP_ONPREM, NO_IPAM_ALLOCATION
381293814657|SDLC_QA_CAPEX_REQUESTS_381293814657_admin|SDLC QA|us-east-2|172.31.0.0/16|172.31.0.0/16||Deployed|NO|YES|OVERLAP_ONPREM|OVERLAP_ONPREM, NO_IPAM_ALLOCATION
381293814657|SDLC_QA_CAPEX_REQUESTS_381293814657_admin|SDLC QA|us-west-2|vpc-0af7d3ace7b3170b3|aws-controltower-VPC|172.31.0.0/16|Deployed|NO|YES|OVERLAP_ONPREM|OVERLAP_ONPREM, NO_IPAM_ALLOCATION
381293814657|SDLC_QA_CAPEX_REQUESTS_381293814657_admin|SDLC QA|us-west-2|172.31.0.0/16|172.31.0.0/16||Deployed|NO|YES|OVERLAP_ONPREM|OVERLAP_ONPREM, NO_IPAM_ALLOCATION
381293814657|SDLC_QA_CAPEX_REQUESTS_381293814657_admin|SDLC QA|us-west-2|vpc-067ff59910de897f5|capex-requests-sit|10.161.29.0/24|Deployed|NO|YES|OVERLAP_ONPREM|OVERLAP_ONPREM, NO_IPAM_ALLOCATION
381293814657|SDLC_QA_CAPEX_REQUESTS_381293814657_admin|SDLC QA|us-west-2|10.161.29.0/24|10.161.13.128/26||Deployed|NO|YES|OVERLAP_ONPREM|OVERLAP_ONPREM, NO_IPAM_ALLOCATION
269855572980|SDLC_QA_CBC_API_269855572980_admin|SDLC QA|us-east-2|vpc-05791e328ae6d54ea|cbc-api|10.61.16.0/22|Deployed|NO|YES|OVERLAP_ONPREM|OVERLAP_ONPREM, NO_IPAM_ALLOCATION
269855572980|SDLC_QA_CBC_API_269855572980_admin|SDLC QA|us-east-2|10.61.16.0/22|10.61.1.64/26||Deployed|NO|YES|OVERLAP_ONPREM|OVERLAP_ONPREM, NO_IPAM_ALLOCATION
269855572980|SDLC_QA_CBC_API_269855572980_admin|SDLC QA|us-east-2|vpc-0fb64bd76411448ac|aws-controltower-VPC|172.31.0.0/16|Deployed|NO|YES|OVERLAP_ONPREM|OVERLAP_ONPREM, NO_IPAM_ALLOCATION
269855572980|SDLC_QA_CBC_API_269855572980_admin|SDLC QA|us-east-2|172.31.0.0/16|172.31.0.0/16||Deployed|NO|YES|OVERLAP_ONPREM|OVERLAP_ONPREM, NO_IPAM_ALLOCATION
269855572980|SDLC_QA_CBC_API_269855572980_admin|SDLC QA|us-west-2|vpc-08220a5d3ea6ec3b6|aws-controltower-VPC|172.31.0.0/16|Deployed|NO|YES|OVERLAP_ONPREM|OVERLAP_ONPREM, NO_IPAM_ALLOCATION
269855572980|SDLC_QA_CBC_API_269855572980_admin|SDLC QA|us-west-2|172.31.0.0/16|172.31.0.0/16||Deployed|NO|YES|OVERLAP_ONPREM|OVERLAP_ONPREM, NO_IPAM_ALLOCATION
269855572980|SDLC_QA_CBC_API_269855572980_admin|SDLC QA|us-west-2|vpc-06bf10c1ff3bd3945|cbc-api|10.161.8.0/22|Deployed|NO|YES|OVERLAP_ONPREM|OVERLAP_ONPREM, NO_IPAM_ALLOCATION
269855572980|SDLC_QA_CBC_API_269855572980_admin|SDLC QA|us-west-2|10.161.8.0/22|10.161.0.192/26||Deployed|NO|YES|OVERLAP_ONPREM|OVERLAP_ONPREM, NO_IPAM_ALLOCATION
627073650258|SDLC_QA_EASYPAY_627073650258_admin|SDLC QA|us-east-2|vpc-08715fbe416376592|aws-controltower-VPC|172.31.0.0/16|Deployed|NO|YES|OVERLAP_ONPREM|OVERLAP_ONPREM, NO_IPAM_ALLOCATION
627073650258|SDLC_QA_EASYPAY_627073650258_admin|SDLC QA|us-east-2|172.31.0.0/16|172.31.0.0/16||Deployed|NO|YES|OVERLAP_ONPREM|OVERLAP_ONPREM, NO_IPAM_ALLOCATION
627073650258|SDLC_QA_EASYPAY_627073650258_admin|SDLC QA|us-east-2|vpc-0c2f23fb528040be2|easypay|10.61.14.0/23|Deployed|NO|YES|OVERLAP_ONPREM|OVERLAP_ONPREM, NO_IPAM_ALLOCATION
627073650258|SDLC_QA_EASYPAY_627073650258_admin|SDLC QA|us-east-2|10.61.14.0/23|10.61.1.128/26||Deployed|NO|YES|OVERLAP_ONPREM|OVERLAP_ONPREM, NO_IPAM_ALLOCATION
627073650258|SDLC_QA_EASYPAY_627073650258_admin|SDLC QA|us-west-2|vpc-0ca31a27970b8802b|aws-controltower-VPC|172.31.0.0/16|Deployed|NO|YES|OVERLAP_ONPREM|OVERLAP_ONPREM, NO_IPAM_ALLOCATION
627073650258|SDLC_QA_EASYPAY_627073650258_admin|SDLC QA|us-west-2|172.31.0.0/16|172.31.0.0/16||Deployed|NO|YES|OVERLAP_ONPREM|OVERLAP_ONPREM, NO_IPAM_ALLOCATION
627073650258|SDLC_QA_EASYPAY_627073650258_admin|SDLC QA|us-west-2|vpc-00a02d0999fe434a6|easypay|10.161.14.0/23|Deployed|NO|YES|OVERLAP_ONPREM|OVERLAP_ONPREM, NO_IPAM_ALLOCATION
627073650258|SDLC_QA_EASYPAY_627073650258_admin|SDLC QA|us-west-2|10.161.14.0/23|10.161.12.0/26||Deployed|NO|YES|OVERLAP_ONPREM|OVERLAP_ONPREM, NO_IPAM_ALLOCATION
145411223045|SDLC_QA_LEGALDOCS_145411223045_admin|SDLC QA|us-east-2|vpc-0187f4f6f4d83ae31|legaldocs|10.61.10.0/23|Deployed|NO|YES|OVERLAP_ONPREM|OVERLAP_ONPREM, NO_IPAM_ALLOCATION
145411223045|SDLC_QA_LEGALDOCS_145411223045_admin|SDLC QA|us-east-2|10.61.10.0/23|10.61.0.192/26||Deployed|NO|YES|OVERLAP_ONPREM|OVERLAP_ONPREM, NO_IPAM_ALLOCATION
145411223045|SDLC_QA_LEGALDOCS_145411223045_admin|SDLC QA|us-east-2|vpc-0e0e0b1ff695c6b98|aws-controltower-VPC|172.31.0.0/16|Deployed|NO|YES|OVERLAP_ONPREM|OVERLAP_ONPREM, NO_IPAM_ALLOCATION
145411223045|SDLC_QA_LEGALDOCS_145411223045_admin|SDLC QA|us-east-2|172.31.0.0/16|172.31.0.0/16||Deployed|NO|YES|OVERLAP_ONPREM|OVERLAP_ONPREM, NO_IPAM_ALLOCATION
145411223045|SDLC_QA_LEGALDOCS_145411223045_admin|SDLC QA|us-west-2|vpc-02e009743d4ba9231|aws-controltower-VPC|172.31.0.0/16|Deployed|NO|YES|OVERLAP_ONPREM|OVERLAP_ONPREM, NO_IPAM_ALLOCATION
145411223045|SDLC_QA_LEGALDOCS_145411223045_admin|SDLC QA|us-west-2|172.31.0.0/16|172.31.0.0/16||Deployed|NO|YES|OVERLAP_ONPREM|OVERLAP_ONPREM, NO_IPAM_ALLOCATION
145411223045|SDLC_QA_LEGALDOCS_145411223045_admin|SDLC QA|us-west-2|vpc-014b5d201b8590931|legaldocs|10.161.30.0/23|Deployed|NO|YES|OVERLAP_ONPREM|OVERLAP_ONPREM, NO_IPAM_ALLOCATION
145411223045|SDLC_QA_LEGALDOCS_145411223045_admin|SDLC QA|us-west-2|10.161.30.0/23|10.161.13.192/26||Deployed|NO|YES|OVERLAP_ONPREM|OVERLAP_ONPREM, NO_IPAM_ALLOCATION
465733921982|SDLC_QA_NgAC_465733921982_admin|SDLC QA|us-east-2|vpc-0ca3ee668ccc2be9b|aws-controltower-VPC|172.31.0.0/16|Deployed|NO|YES|OVERLAP_ONPREM|OVERLAP_ONPREM, NO_IPAM_ALLOCATION
465733921982|SDLC_QA_NgAC_465733921982_admin|SDLC QA|us-east-2|172.31.0.0/16|172.31.0.0/16||Deployed|NO|YES|OVERLAP_ONPREM|OVERLAP_ONPREM, NO_IPAM_ALLOCATION
465733921982|SDLC_QA_NgAC_465733921982_admin|SDLC QA|us-east-2|vpc-016a4d48e19b40a34|ngac|10.61.20.0/22|Deployed|NO|YES|OVERLAP_ONPREM|OVERLAP_ONPREM, NO_IPAM_ALLOCATION
465733921982|SDLC_QA_NgAC_465733921982_admin|SDLC QA|us-east-2|10.61.20.0/22|10.61.1.192/26||Deployed|NO|YES|OVERLAP_ONPREM|OVERLAP_ONPREM, NO_IPAM_ALLOCATION
465733921982|SDLC_QA_NgAC_465733921982_admin|SDLC QA|us-west-2|vpc-083e773e8d6590e76|ngac|10.161.16.0/22|Deployed|NO|YES|OVERLAP_ONPREM|OVERLAP_ONPREM, NO_IPAM_ALLOCATION
465733921982|SDLC_QA_NgAC_465733921982_admin|SDLC QA|us-west-2|10.161.16.0/22|10.161.12.64/26||Deployed|NO|YES|OVERLAP_ONPREM|OVERLAP_ONPREM, NO_IPAM_ALLOCATION
465733921982|SDLC_QA_NgAC_465733921982_admin|SDLC QA|us-west-2|vpc-01dd9365049710a71|aws-controltower-VPC|172.31.0.0/16|Deployed|NO|YES|OVERLAP_ONPREM|OVERLAP_ONPREM, NO_IPAM_ALLOCATION
465733921982|SDLC_QA_NgAC_465733921982_admin|SDLC QA|us-west-2|172.31.0.0/16|172.31.0.0/16||Deployed|NO|YES|OVERLAP_ONPREM|OVERLAP_ONPREM, NO_IPAM_ALLOCATION
327903111215|SDLC_QA_OnsiteCardIssuance_327903111215_admin|SDLC QA|us-east-2|vpc-01300fb5005eee968|onsitecardissuance|10.61.28.0/24|Deployed|NO|YES|OVERLAP_ONPREM|OVERLAP_ONPREM, NO_IPAM_ALLOCATION
327903111215|SDLC_QA_OnsiteCardIssuance_327903111215_admin|SDLC QA|us-east-2|10.61.28.0/24|10.61.13.128/26||Deployed|NO|YES|OVERLAP_ONPREM|OVERLAP_ONPREM, NO_IPAM_ALLOCATION
327903111215|SDLC_QA_OnsiteCardIssuance_327903111215_admin|SDLC QA|us-east-2|vpc-00573d593f9a8ca01|aws-controltower-VPC|172.31.0.0/16|Deployed|NO|YES|OVERLAP_ONPREM|OVERLAP_ONPREM, NO_IPAM_ALLOCATION
327903111215|SDLC_QA_OnsiteCardIssuance_327903111215_admin|SDLC QA|us-east-2|172.31.0.0/16|172.31.0.0/16||Deployed|NO|YES|OVERLAP_ONPREM|OVERLAP_ONPREM, NO_IPAM_ALLOCATION
327903111215|SDLC_QA_OnsiteCardIssuance_327903111215_admin|SDLC QA|us-west-2|vpc-0e972d7ccac50319a|aws-controltower-VPC|172.31.0.0/16|Deployed|NO|YES|OVERLAP_ONPREM|OVERLAP_ONPREM, NO_IPAM_ALLOCATION
327903111215|SDLC_QA_OnsiteCardIssuance_327903111215_admin|SDLC QA|us-west-2|172.31.0.0/16|172.31.0.0/16||Deployed|NO|YES|OVERLAP_ONPREM|OVERLAP_ONPREM, NO_IPAM_ALLOCATION
327903111215|SDLC_QA_OnsiteCardIssuance_327903111215_admin|SDLC QA|us-west-2|vpc-01bef6420fc151eff|onsitecardissuance|10.161.28.0/24|Deployed|NO|YES|OVERLAP_ONPREM|OVERLAP_ONPREM, NO_IPAM_ALLOCATION
327903111215|SDLC_QA_OnsiteCardIssuance_327903111215_admin|SDLC QA|us-west-2|10.161.28.0/24|10.161.13.64/26||Deployed|NO|YES|OVERLAP_ONPREM|OVERLAP_ONPREM, NO_IPAM_ALLOCATION
972067303227|SDLC_QA_Prescreen_972067303227_admin|SDLC QA|us-east-2|vpc-09542b43cb8276205|aws-controltower-VPC|172.31.0.0/16|Deployed|NO|YES|OVERLAP_ONPREM|OVERLAP_ONPREM, NO_IPAM_ALLOCATION
972067303227|SDLC_QA_Prescreen_972067303227_admin|SDLC QA|us-east-2|172.31.0.0/16|172.31.0.0/16||Deployed|NO|YES|OVERLAP_ONPREM|OVERLAP_ONPREM, NO_IPAM_ALLOCATION
972067303227|SDLC_QA_Prescreen_972067303227_admin|SDLC QA|us-east-2|vpc-0114a56e9afaa110c|prescreen-sit|10.61.26.0/23|Deployed|NO|YES|OVERLAP_ONPREM|OVERLAP_ONPREM, NO_IPAM_ALLOCATION
972067303227|SDLC_QA_Prescreen_972067303227_admin|SDLC QA|us-east-2|10.61.26.0/23|10.61.13.64/26||Deployed|NO|YES|OVERLAP_ONPREM|OVERLAP_ONPREM, NO_IPAM_ALLOCATION
972067303227|SDLC_QA_Prescreen_972067303227_admin|SDLC QA|us-west-2|vpc-0d3d0db64dd3568ce|prescreen-sit|10.161.26.0/23|Deployed|NO|YES|OVERLAP_ONPREM|OVERLAP_ONPREM, NO_IPAM_ALLOCATION
972067303227|SDLC_QA_Prescreen_972067303227_admin|SDLC QA|us-west-2|10.161.26.0/23|10.161.13.0/26||Deployed|NO|YES|OVERLAP_ONPREM|OVERLAP_ONPREM, NO_IPAM_ALLOCATION
972067303227|SDLC_QA_Prescreen_972067303227_admin|SDLC QA|us-west-2|vpc-01209b58c751ef3e8|aws-controltower-VPC|172.31.0.0/16|Deployed|NO|YES|OVERLAP_ONPREM|OVERLAP_ONPREM, NO_IPAM_ALLOCATION
972067303227|SDLC_QA_Prescreen_972067303227_admin|SDLC QA|us-west-2|172.31.0.0/16|172.31.0.0/16||Deployed|NO|YES|OVERLAP_ONPREM|OVERLAP_ONPREM, NO_IPAM_ALLOCATION
804055905587|SDLC_QA_REWARDS_API_804055905587_admin|SDLC QA|us-east-2|vpc-07077008a214b9dfb|aws-controltower-VPC|172.31.0.0/16|Deployed|NO|YES|OVERLAP_ONPREM|OVERLAP_ONPREM, NO_IPAM_ALLOCATION
804055905587|SDLC_QA_REWARDS_API_804055905587_admin|SDLC QA|us-east-2|172.31.0.0/16|172.31.0.0/16||Deployed|NO|YES|OVERLAP_ONPREM|OVERLAP_ONPREM, NO_IPAM_ALLOCATION
804055905587|SDLC_QA_REWARDS_API_804055905587_admin|SDLC QA|us-east-2|vpc-0a363ec7acf457cd6|rewards-api|10.61.32.0/22|Deployed|NO|YES|OVERLAP_ONPREM|OVERLAP_ONPREM, NO_IPAM_ALLOCATION
804055905587|SDLC_QA_REWARDS_API_804055905587_admin|SDLC QA|us-east-2|10.61.32.0/22|10.61.13.192/26||Deployed|NO|YES|OVERLAP_ONPREM|OVERLAP_ONPREM, NO_IPAM_ALLOCATION
804055905587|SDLC_QA_REWARDS_API_804055905587_admin|SDLC QA|us-west-2|vpc-06878941e897a954c|rewards-api|10.161.20.0/22|Deployed|NO|YES|OVERLAP_ONPREM|OVERLAP_ONPREM, NO_IPAM_ALLOCATION
804055905587|SDLC_QA_REWARDS_API_804055905587_admin|SDLC QA|us-west-2|10.161.20.0/22|10.161.12.128/26||Deployed|NO|YES|OVERLAP_ONPREM|OVERLAP_ONPREM, NO_IPAM_ALLOCATION
804055905587|SDLC_QA_REWARDS_API_804055905587_admin|SDLC QA|us-west-2|vpc-0ab1353d24a3557e3|aws-controltower-VPC|172.31.0.0/16|Deployed|NO|YES|OVERLAP_ONPREM|OVERLAP_ONPREM, NO_IPAM_ALLOCATION
804055905587|SDLC_QA_REWARDS_API_804055905587_admin|SDLC QA|us-west-2|172.31.0.0/16|172.31.0.0/16||Deployed|NO|YES|OVERLAP_ONPREM|OVERLAP_ONPREM, NO_IPAM_ALLOCATION
149731129395|SDLC_QA_RTI_149731129395_admin|SDLC QA|us-east-2|vpc-08d35c04329e6733a|rti|10.61.12.0/24|Deployed|NO|YES|OVERLAP_ONPREM|OVERLAP_ONPREM, NO_IPAM_ALLOCATION
149731129395|SDLC_QA_RTI_149731129395_admin|SDLC QA|us-east-2|10.61.12.0/24|10.61.1.0/26||Deployed|NO|YES|OVERLAP_ONPREM|OVERLAP_ONPREM, NO_IPAM_ALLOCATION
149731129395|SDLC_QA_RTI_149731129395_admin|SDLC QA|us-east-2|vpc-0226d32c096bf94d4|aws-controltower-VPC|172.31.0.0/16|Deployed|NO|YES|OVERLAP_ONPREM|OVERLAP_ONPREM, NO_IPAM_ALLOCATION
149731129395|SDLC_QA_RTI_149731129395_admin|SDLC QA|us-east-2|172.31.0.0/16|172.31.0.0/16||Deployed|NO|YES|OVERLAP_ONPREM|OVERLAP_ONPREM, NO_IPAM_ALLOCATION
149731129395|SDLC_QA_RTI_149731129395_admin|SDLC QA|us-west-2|vpc-01c6cf9737cdcbe9e|aws-controltower-VPC|172.31.0.0/16|Deployed|NO|YES|OVERLAP_ONPREM|OVERLAP_ONPREM, NO_IPAM_ALLOCATION
149731129395|SDLC_QA_RTI_149731129395_admin|SDLC QA|us-west-2|172.31.0.0/16|172.31.0.0/16||Deployed|NO|YES|OVERLAP_ONPREM|OVERLAP_ONPREM, NO_IPAM_ALLOCATION
149731129395|SDLC_QA_RTI_149731129395_admin|SDLC QA|us-west-2|vpc-00e9ee23844cc51e6|rti|10.161.1.0/24|Deployed|NO|YES|OVERLAP_ONPREM|OVERLAP_ONPREM, NO_IPAM_ALLOCATION
149731129395|SDLC_QA_RTI_149731129395_admin|SDLC QA|us-west-2|10.161.1.0/24|10.161.0.128/26||Deployed|NO|YES|OVERLAP_ONPREM|OVERLAP_ONPREM, NO_IPAM_ALLOCATION
075318387613|SDLC_QA_SMARTMART_075318387613_admin|SDLC QA|us-east-2|vpc-0f944107ff28e3ff5|smartmart-sit|10.61.24.0/23|Deployed|NO|YES|OVERLAP_ONPREM|OVERLAP_ONPREM, NO_IPAM_ALLOCATION
075318387613|SDLC_QA_SMARTMART_075318387613_admin|SDLC QA|us-east-2|10.61.24.0/23|10.61.13.0/26||Deployed|NO|YES|OVERLAP_ONPREM|OVERLAP_ONPREM, NO_IPAM_ALLOCATION
075318387613|SDLC_QA_SMARTMART_075318387613_admin|SDLC QA|us-east-2|vpc-03466bd39a7daff85|aws-controltower-VPC|172.31.0.0/16|Deployed|NO|YES|OVERLAP_ONPREM|OVERLAP_ONPREM, NO_IPAM_ALLOCATION
075318387613|SDLC_QA_SMARTMART_075318387613_admin|SDLC QA|us-east-2|172.31.0.0/16|172.31.0.0/16||Deployed|NO|YES|OVERLAP_ONPREM|OVERLAP_ONPREM, NO_IPAM_ALLOCATION
075318387613|SDLC_QA_SMARTMART_075318387613_admin|SDLC QA|us-west-2|vpc-0e09ff4c167d0d392|aws-controltower-VPC|172.31.0.0/16|Deployed|NO|YES|OVERLAP_ONPREM|OVERLAP_ONPREM, NO_IPAM_ALLOCATION
075318387613|SDLC_QA_SMARTMART_075318387613_admin|SDLC QA|us-west-2|172.31.0.0/16|172.31.0.0/16||Deployed|NO|YES|OVERLAP_ONPREM|OVERLAP_ONPREM, NO_IPAM_ALLOCATION
075318387613|SDLC_QA_SMARTMART_075318387613_admin|SDLC QA|us-west-2|vpc-00e0ac03e21c6538f|smartmart-sit|10.161.24.0/23|Deployed|NO|YES|OVERLAP_ONPREM|OVERLAP_ONPREM, NO_IPAM_ALLOCATION
075318387613|SDLC_QA_SMARTMART_075318387613_admin|SDLC QA|us-west-2|10.161.24.0/23|10.161.12.192/26||Deployed|NO|YES|OVERLAP_ONPREM|OVERLAP_ONPREM, NO_IPAM_ALLOCATION
333053098962|SDLC_SIT_EASYPAY_333053098962_admin|Account 333053098962|us-east-2|vpc-0bf913db2847d3b32|easypay|10.61.2.0/23|Deployed|NO|YES|OVERLAP_ONPREM|OVERLAP_ONPREM, NO_IPAM_ALLOCATION
333053098962|SDLC_SIT_EASYPAY_333053098962_admin|Account 333053098962|us-east-2|10.61.2.0/23|10.61.0.0/26||Deployed|NO|YES|OVERLAP_ONPREM|OVERLAP_ONPREM, NO_IPAM_ALLOCATION
333053098962|SDLC_SIT_EASYPAY_333053098962_admin|Account 333053098962|us-east-2|vpc-0029b0dde68fc28cb|aws-controltower-VPC|172.31.0.0/16|Deployed|NO|YES|OVERLAP_ONPREM|OVERLAP_ONPREM, NO_IPAM_ALLOCATION
333053098962|SDLC_SIT_EASYPAY_333053098962_admin|Account 333053098962|us-east-2|172.31.0.0/16|172.31.0.0/16||Deployed|NO|YES|OVERLAP_ONPREM|OVERLAP_ONPREM, NO_IPAM_ALLOCATION
333053098962|SDLC_SIT_EASYPAY_333053098962_admin|Account 333053098962|us-west-2|vpc-05c40728575ba7d86|aws-controltower-VPC|172.31.0.0/16|Deployed|NO|YES|OVERLAP_ONPREM|OVERLAP_ONPREM, NO_IPAM_ALLOCATION
333053098962|SDLC_SIT_EASYPAY_333053098962_admin|Account 333053098962|us-west-2|172.31.0.0/16|172.31.0.0/16||Deployed|NO|YES|OVERLAP_ONPREM|OVERLAP_ONPREM, NO_IPAM_ALLOCATION
333053098962|SDLC_SIT_EASYPAY_333053098962_admin|Account 333053098962|us-west-2|vpc-0424ddc1ec7167aaa|easypay|10.161.2.0/23|Deployed|NO|YES|OVERLAP_ONPREM|OVERLAP_ONPREM, NO_IPAM_ALLOCATION
333053098962|SDLC_SIT_EASYPAY_333053098962_admin|Account 333053098962|us-west-2|10.161.2.0/23|10.161.0.0/26||Deployed|NO|YES|OVERLAP_ONPREM|OVERLAP_ONPREM, NO_IPAM_ALLOCATION
425495132039|SDLC_SIT_LEGALDOCS_425495132039_admin|Account 425495132039|us-east-2|vpc-0d0bdeab820d25956|legaldocs|10.61.8.0/23|Deployed|NO|YES|OVERLAP_ONPREM|OVERLAP_ONPREM, NO_IPAM_ALLOCATION
425495132039|SDLC_SIT_LEGALDOCS_425495132039_admin|Account 425495132039|us-east-2|10.61.8.0/23|10.61.0.128/26||Deployed|NO|YES|OVERLAP_ONPREM|OVERLAP_ONPREM, NO_IPAM_ALLOCATION
425495132039|SDLC_SIT_LEGALDOCS_425495132039_admin|Account 425495132039|us-east-2|vpc-030280def0cbba137|aws-controltower-VPC|172.31.0.0/16|Deployed|NO|YES|OVERLAP_ONPREM|OVERLAP_ONPREM, NO_IPAM_ALLOCATION
425495132039|SDLC_SIT_LEGALDOCS_425495132039_admin|Account 425495132039|us-east-2|172.31.0.0/16|172.31.0.0/16||Deployed|NO|YES|OVERLAP_ONPREM|OVERLAP_ONPREM, NO_IPAM_ALLOCATION
425495132039|SDLC_SIT_LEGALDOCS_425495132039_admin|Account 425495132039|us-west-2|vpc-0fd77c2d0f3b78d2b|aws-controltower-VPC|172.31.0.0/16|Deployed|NO|YES|OVERLAP_ONPREM|OVERLAP_ONPREM, NO_IPAM_ALLOCATION
425495132039|SDLC_SIT_LEGALDOCS_425495132039_admin|Account 425495132039|us-west-2|172.31.0.0/16|172.31.0.0/16||Deployed|NO|YES|OVERLAP_ONPREM|OVERLAP_ONPREM, NO_IPAM_ALLOCATION
979130301917|SDLC_SIT_NgAC_979130301917_admin|Account 979130301917|us-east-2|vpc-00c31e6005eb1b229|aws-controltower-VPC|172.31.0.0/16|Deployed|NO|YES|OVERLAP_ONPREM|OVERLAP_ONPREM, NO_IPAM_ALLOCATION
979130301917|SDLC_SIT_NgAC_979130301917_admin|Account 979130301917|us-east-2|172.31.0.0/16|172.31.0.0/16||Deployed|NO|YES|OVERLAP_ONPREM|OVERLAP_ONPREM, NO_IPAM_ALLOCATION
979130301917|SDLC_SIT_NgAC_979130301917_admin|Account 979130301917|us-east-2|vpc-003cc6d81b8b71529|ngac|10.61.4.0/22|Deployed|NO|YES|OVERLAP_ONPREM|OVERLAP_ONPREM, NO_IPAM_ALLOCATION
979130301917|SDLC_SIT_NgAC_979130301917_admin|Account 979130301917|us-east-2|10.61.4.0/22|10.61.0.64/26||Deployed|NO|YES|OVERLAP_ONPREM|OVERLAP_ONPREM, NO_IPAM_ALLOCATION
979130301917|SDLC_SIT_NgAC_979130301917_admin|Account 979130301917|us-west-2|vpc-0f735d4aba10cb913|ngac|10.161.4.0/22|Deployed|NO|YES|OVERLAP_ONPREM|OVERLAP_ONPREM, NO_IPAM_ALLOCATION
979130301917|SDLC_SIT_NgAC_979130301917_admin|Account 979130301917|us-west-2|10.161.4.0/22|10.161.0.64/26||Deployed|NO|YES|OVERLAP_ONPREM|OVERLAP_ONPREM, NO_IPAM_ALLOCATION
979130301917|SDLC_SIT_NgAC_979130301917_admin|Account 979130301917|us-west-2|vpc-0c8763a23c65b60df|aws-controltower-VPC|172.31.0.0/16|Deployed|NO|YES|OVERLAP_ONPREM|OVERLAP_ONPREM, NO_IPAM_ALLOCATION
979130301917|SDLC_SIT_NgAC_979130301917_admin|Account 979130301917|us-west-2|172.31.0.0/16|172.31.0.0/16||Deployed|NO|YES|OVERLAP_ONPREM|OVERLAP_ONPREM, NO_IPAM_ALLOCATION
838220668029|SDLC_UAT_CAPEX_REQUESTS_838220668029_admin|SDLC UAT|us-east-2|vpc-05e08e5fdb0212bfd|capex-requests-uat|10.60.150.0/24|Deployed|NO|YES|OVERLAP_ONPREM|OVERLAP_ONPREM, NO_IPAM_ALLOCATION
838220668029|SDLC_UAT_CAPEX_REQUESTS_838220668029_admin|SDLC UAT|us-east-2|10.60.150.0/24|10.60.148.128/26||Deployed|NO|YES|OVERLAP_ONPREM|OVERLAP_ONPREM, NO_IPAM_ALLOCATION
838220668029|SDLC_UAT_CAPEX_REQUESTS_838220668029_admin|SDLC UAT|us-east-2|vpc-0fe3a0a47f346a481|aws-controltower-VPC|172.31.0.0/16|Deployed|NO|YES|OVERLAP_ONPREM|OVERLAP_ONPREM, NO_IPAM_ALLOCATION
838220668029|SDLC_UAT_CAPEX_REQUESTS_838220668029_admin|SDLC UAT|us-east-2|172.31.0.0/16|172.31.0.0/16||Deployed|NO|YES|OVERLAP_ONPREM|OVERLAP_ONPREM, NO_IPAM_ALLOCATION
838220668029|SDLC_UAT_CAPEX_REQUESTS_838220668029_admin|SDLC UAT|us-west-2|vpc-06e76cad6ac9462ef|capex-requests-uat|10.160.154.0/24|Deployed|NO|YES|OVERLAP_ONPREM|OVERLAP_ONPREM, NO_IPAM_ALLOCATION
838220668029|SDLC_UAT_CAPEX_REQUESTS_838220668029_admin|SDLC UAT|us-west-2|10.160.154.0/24|10.160.150.128/26||Deployed|NO|YES|OVERLAP_ONPREM|OVERLAP_ONPREM, NO_IPAM_ALLOCATION
838220668029|SDLC_UAT_CAPEX_REQUESTS_838220668029_admin|SDLC UAT|us-west-2|vpc-0ab91d748eeb9983b|aws-controltower-VPC|172.31.0.0/16|Deployed|NO|YES|OVERLAP_ONPREM|OVERLAP_ONPREM, NO_IPAM_ALLOCATION
838220668029|SDLC_UAT_CAPEX_REQUESTS_838220668029_admin|SDLC UAT|us-west-2|172.31.0.0/16|172.31.0.0/16||Deployed|NO|YES|OVERLAP_ONPREM|OVERLAP_ONPREM, NO_IPAM_ALLOCATION
926303510289|SDLC_UAT_CBC_API_926303510289_admin|SDLC UAT|us-east-2|vpc-046e88ad8dd434b4d|cbc-api|10.60.136.0/22|Deployed|NO|YES|OVERLAP_ONPREM|OVERLAP_ONPREM, NO_IPAM_ALLOCATION
926303510289|SDLC_UAT_CBC_API_926303510289_admin|SDLC UAT|us-east-2|10.60.136.0/22|10.60.128.192/26||Deployed|NO|YES|OVERLAP_ONPREM|OVERLAP_ONPREM, NO_IPAM_ALLOCATION
926303510289|SDLC_UAT_CBC_API_926303510289_admin|SDLC UAT|us-east-2|vpc-0b59df094279651b2|aws-controltower-VPC|172.31.0.0/16|Deployed|NO|YES|OVERLAP_ONPREM|OVERLAP_ONPREM, NO_IPAM_ALLOCATION
926303510289|SDLC_UAT_CBC_API_926303510289_admin|SDLC UAT|us-east-2|172.31.0.0/16|172.31.0.0/16||Deployed|NO|YES|OVERLAP_ONPREM|OVERLAP_ONPREM, NO_IPAM_ALLOCATION
926303510289|SDLC_UAT_CBC_API_926303510289_admin|SDLC UAT|us-west-2|vpc-0aa4de71a91652472|aws-controltower-VPC|172.31.0.0/16|Deployed|NO|YES|OVERLAP_ONPREM|OVERLAP_ONPREM, NO_IPAM_ALLOCATION
926303510289|SDLC_UAT_CBC_API_926303510289_admin|SDLC UAT|us-west-2|172.31.0.0/16|172.31.0.0/16||Deployed|NO|YES|OVERLAP_ONPREM|OVERLAP_ONPREM, NO_IPAM_ALLOCATION
926303510289|SDLC_UAT_CBC_API_926303510289_admin|SDLC UAT|us-west-2|vpc-05b0a2ec363349387|cbc-api|10.160.136.0/22|Deployed|NO|YES|OVERLAP_ONPREM|OVERLAP_ONPREM, NO_IPAM_ALLOCATION
926303510289|SDLC_UAT_CBC_API_926303510289_admin|SDLC UAT|us-west-2|10.160.136.0/22|10.160.128.128/26||Deployed|NO|YES|OVERLAP_ONPREM|OVERLAP_ONPREM, NO_IPAM_ALLOCATION
980104891822|SDLC_UAT_EASYPAY_980104891822_admin|SDLC UAT|us-east-2|vpc-0ef532b791efe1f3a|aws-controltower-VPC|172.31.0.0/16|Deployed|NO|YES|OVERLAP_ONPREM|OVERLAP_ONPREM, NO_IPAM_ALLOCATION
980104891822|SDLC_UAT_EASYPAY_980104891822_admin|SDLC UAT|us-east-2|172.31.0.0/16|172.31.0.0/16||Deployed|NO|YES|OVERLAP_ONPREM|OVERLAP_ONPREM, NO_IPAM_ALLOCATION
980104891822|SDLC_UAT_EASYPAY_980104891822_admin|SDLC UAT|us-east-2|vpc-0b6b58e3022beaedd|easypay|10.60.130.0/23|Deployed|NO|YES|OVERLAP_ONPREM|OVERLAP_ONPREM, NO_IPAM_ALLOCATION
980104891822|SDLC_UAT_EASYPAY_980104891822_admin|SDLC UAT|us-east-2|10.60.130.0/23|10.60.128.128/26||Deployed|NO|YES|OVERLAP_ONPREM|OVERLAP_ONPREM, NO_IPAM_ALLOCATION
980104891822|SDLC_UAT_EASYPAY_980104891822_admin|SDLC UAT|us-west-2|vpc-05e2f1f30e0ceacd1|aws-controltower-VPC|172.31.0.0/16|Deployed|NO|YES|OVERLAP_ONPREM|OVERLAP_ONPREM, NO_IPAM_ALLOCATION
980104891822|SDLC_UAT_EASYPAY_980104891822_admin|SDLC UAT|us-west-2|172.31.0.0/16|172.31.0.0/16||Deployed|NO|YES|OVERLAP_ONPREM|OVERLAP_ONPREM, NO_IPAM_ALLOCATION
980104891822|SDLC_UAT_EASYPAY_980104891822_admin|SDLC UAT|us-west-2|vpc-06a67dffa84fc0793|easypay|10.160.130.0/23|Deployed|NO|YES|OVERLAP_ONPREM|OVERLAP_ONPREM, NO_IPAM_ALLOCATION
980104891822|SDLC_UAT_EASYPAY_980104891822_admin|SDLC UAT|us-west-2|10.160.130.0/23|10.160.128.192/26||Deployed|NO|YES|OVERLAP_ONPREM|OVERLAP_ONPREM, NO_IPAM_ALLOCATION
273265662812|SDLC_UAT_LEGALDOCS_273265662812_admin|SDLC UAT|us-east-2|vpc-0306e07689c5d4000|legaldocs|10.60.142.0/23|Deployed|NO|YES|OVERLAP_ONPREM|OVERLAP_ONPREM, NO_IPAM_ALLOCATION
273265662812|SDLC_UAT_LEGALDOCS_273265662812_admin|SDLC UAT|us-east-2|10.60.142.0/23|10.60.140.0/26||Deployed|NO|YES|OVERLAP_ONPREM|OVERLAP_ONPREM, NO_IPAM_ALLOCATION
273265662812|SDLC_UAT_LEGALDOCS_273265662812_admin|SDLC UAT|us-east-2|vpc-001611a543bb4448d|aws-controltower-VPC|172.31.0.0/16|Deployed|NO|YES|OVERLAP_ONPREM|OVERLAP_ONPREM, NO_IPAM_ALLOCATION
273265662812|SDLC_UAT_LEGALDOCS_273265662812_admin|SDLC UAT|us-east-2|172.31.0.0/16|172.31.0.0/16||Deployed|NO|YES|OVERLAP_ONPREM|OVERLAP_ONPREM, NO_IPAM_ALLOCATION
273265662812|SDLC_UAT_LEGALDOCS_273265662812_admin|SDLC UAT|us-west-2|vpc-05ce1598b1de713a0|legaldocs|10.160.152.0/23|Deployed|NO|YES|OVERLAP_ONPREM|OVERLAP_ONPREM, NO_IPAM_ALLOCATION
273265662812|SDLC_UAT_LEGALDOCS_273265662812_admin|SDLC UAT|us-west-2|10.160.152.0/23|10.160.150.0/26||Deployed|NO|YES|OVERLAP_ONPREM|OVERLAP_ONPREM, NO_IPAM_ALLOCATION
273265662812|SDLC_UAT_LEGALDOCS_273265662812_admin|SDLC UAT|us-west-2|vpc-02447e1d17ef8aa1c|aws-controltower-VPC|172.31.0.0/16|Deployed|NO|YES|OVERLAP_ONPREM|OVERLAP_ONPREM, NO_IPAM_ALLOCATION
273265662812|SDLC_UAT_LEGALDOCS_273265662812_admin|SDLC UAT|us-west-2|172.31.0.0/16|172.31.0.0/16||Deployed|NO|YES|OVERLAP_ONPREM|OVERLAP_ONPREM, NO_IPAM_ALLOCATION
402314752012|SDLC_UAT_NgAC_402314752012_admin|SDLC UAT|us-east-2|vpc-09705daf74711b131|aws-controltower-VPC|172.31.0.0/16|Deployed|NO|YES|OVERLAP_ONPREM|OVERLAP_ONPREM, NO_IPAM_ALLOCATION
402314752012|SDLC_UAT_NgAC_402314752012_admin|SDLC UAT|us-east-2|172.31.0.0/16|172.31.0.0/16||Deployed|NO|YES|OVERLAP_ONPREM|OVERLAP_ONPREM, NO_IPAM_ALLOCATION
402314752012|SDLC_UAT_NgAC_402314752012_admin|SDLC UAT|us-east-2|vpc-0e81bff74c0944170|ngac|10.60.132.0/22|Deployed|NO|YES|OVERLAP_ONPREM|OVERLAP_ONPREM, NO_IPAM_ALLOCATION
402314752012|SDLC_UAT_NgAC_402314752012_admin|SDLC UAT|us-east-2|10.60.132.0/22|10.60.128.64/26||Deployed|NO|YES|OVERLAP_ONPREM|OVERLAP_ONPREM, NO_IPAM_ALLOCATION
402314752012|SDLC_UAT_NgAC_402314752012_admin|SDLC UAT|us-west-2|vpc-07d128f3eda6dd87b|ngac|10.160.132.0/22|Deployed|NO|YES|OVERLAP_ONPREM|OVERLAP_ONPREM, NO_IPAM_ALLOCATION
402314752012|SDLC_UAT_NgAC_402314752012_admin|SDLC UAT|us-west-2|10.160.132.0/22|10.160.128.64/26||Deployed|NO|YES|OVERLAP_ONPREM|OVERLAP_ONPREM, NO_IPAM_ALLOCATION
402314752012|SDLC_UAT_NgAC_402314752012_admin|SDLC UAT|us-west-2|vpc-0ae9f22be23934cd0|aws-controltower-VPC|172.31.0.0/16|Deployed|NO|YES|OVERLAP_ONPREM|OVERLAP_ONPREM, NO_IPAM_ALLOCATION
402314752012|SDLC_UAT_NgAC_402314752012_admin|SDLC UAT|us-west-2|172.31.0.0/16|172.31.0.0/16||Deployed|NO|YES|OVERLAP_ONPREM|OVERLAP_ONPREM, NO_IPAM_ALLOCATION
852100867763|SDLC_UAT_OnsiteCardIssuance_852100867763_admin|SDLC UAT|us-east-2|vpc-0a4b00b364eb9e30a|aws-controltower-VPC|172.31.0.0/16|Deployed|NO|YES|OVERLAP_ONPREM|OVERLAP_ONPREM, NO_IPAM_ALLOCATION
852100867763|SDLC_UAT_OnsiteCardIssuance_852100867763_admin|SDLC UAT|us-east-2|172.31.0.0/16|172.31.0.0/16||Deployed|NO|YES|OVERLAP_ONPREM|OVERLAP_ONPREM, NO_IPAM_ALLOCATION
852100867763|SDLC_UAT_OnsiteCardIssuance_852100867763_admin|SDLC UAT|us-east-2|vpc-0315fdbffc2c9f82d|onsitecardissuance|10.60.149.0/24|Deployed|NO|YES|OVERLAP_ONPREM|OVERLAP_ONPREM, NO_IPAM_ALLOCATION
852100867763|SDLC_UAT_OnsiteCardIssuance_852100867763_admin|SDLC UAT|us-east-2|10.60.149.0/24|10.60.148.64/26||Deployed|NO|YES|OVERLAP_ONPREM|OVERLAP_ONPREM, NO_IPAM_ALLOCATION
852100867763|SDLC_UAT_OnsiteCardIssuance_852100867763_admin|SDLC UAT|us-west-2|vpc-0ff72860320d1f0b9|aws-controltower-VPC|172.31.0.0/16|Deployed|NO|YES|OVERLAP_ONPREM|OVERLAP_ONPREM, NO_IPAM_ALLOCATION
852100867763|SDLC_UAT_OnsiteCardIssuance_852100867763_admin|SDLC UAT|us-west-2|172.31.0.0/16|172.31.0.0/16||Deployed|NO|YES|OVERLAP_ONPREM|OVERLAP_ONPREM, NO_IPAM_ALLOCATION
852100867763|SDLC_UAT_OnsiteCardIssuance_852100867763_admin|SDLC UAT|us-west-2|vpc-09b5b95c9c33c3729|onsitecardissuance|10.160.151.0/24|Deployed|NO|YES|OVERLAP_ONPREM|OVERLAP_ONPREM, NO_IPAM_ALLOCATION
852100867763|SDLC_UAT_OnsiteCardIssuance_852100867763_admin|SDLC UAT|us-west-2|10.160.151.0/24|10.160.150.64/26||Deployed|NO|YES|OVERLAP_ONPREM|OVERLAP_ONPREM, NO_IPAM_ALLOCATION
927311782752|SDLC_UAT_PRESCREEN_927311782752_admin|SDLC UAT|us-east-2|vpc-0a0dda1791d0b86a3|prescreen|10.60.144.0/23|Deployed|NO|YES|OVERLAP_ONPREM|OVERLAP_ONPREM, NO_IPAM_ALLOCATION
927311782752|SDLC_UAT_PRESCREEN_927311782752_admin|SDLC UAT|us-east-2|10.60.144.0/23|10.60.140.128/26||Deployed|NO|YES|OVERLAP_ONPREM|OVERLAP_ONPREM, NO_IPAM_ALLOCATION
927311782752|SDLC_UAT_PRESCREEN_927311782752_admin|SDLC UAT|us-east-2|vpc-072644b0b895d9cdb|aws-controltower-VPC|172.31.0.0/16|Deployed|NO|YES|OVERLAP_ONPREM|OVERLAP_ONPREM, NO_IPAM_ALLOCATION
927311782752|SDLC_UAT_PRESCREEN_927311782752_admin|SDLC UAT|us-east-2|172.31.0.0/16|172.31.0.0/16||Deployed|NO|YES|OVERLAP_ONPREM|OVERLAP_ONPREM, NO_IPAM_ALLOCATION
927311782752|SDLC_UAT_PRESCREEN_927311782752_admin|SDLC UAT|us-west-2|vpc-08f7311f04a164092|aws-controltower-VPC|172.31.0.0/16|Deployed|NO|YES|OVERLAP_ONPREM|OVERLAP_ONPREM, NO_IPAM_ALLOCATION
927311782752|SDLC_UAT_PRESCREEN_927311782752_admin|SDLC UAT|us-west-2|172.31.0.0/16|172.31.0.0/16||Deployed|NO|YES|OVERLAP_ONPREM|OVERLAP_ONPREM, NO_IPAM_ALLOCATION
927311782752|SDLC_UAT_PRESCREEN_927311782752_admin|SDLC UAT|us-west-2|vpc-0bc3dbf73f7820901|prescreen|10.160.142.0/23|Deployed|NO|YES|OVERLAP_ONPREM|OVERLAP_ONPREM, NO_IPAM_ALLOCATION
927311782752|SDLC_UAT_PRESCREEN_927311782752_admin|SDLC UAT|us-west-2|10.160.142.0/23|10.160.140.128/26||Deployed|NO|YES|OVERLAP_ONPREM|OVERLAP_ONPREM, NO_IPAM_ALLOCATION
587210148123|SDLC_UAT_REWARDS_API_587210148123_admin|SDLC UAT|us-east-2|vpc-026f072750715b841|rewards-api|10.60.152.0/22|Deployed|NO|YES|OVERLAP_ONPREM|OVERLAP_ONPREM, NO_IPAM_ALLOCATION
587210148123|SDLC_UAT_REWARDS_API_587210148123_admin|SDLC UAT|us-east-2|10.60.152.0/22|10.60.148.0/26||Deployed|NO|YES|OVERLAP_ONPREM|OVERLAP_ONPREM, NO_IPAM_ALLOCATION
587210148123|SDLC_UAT_REWARDS_API_587210148123_admin|SDLC UAT|us-east-2|vpc-0944010c685381731|aws-controltower-VPC|172.31.0.0/16|Deployed|NO|YES|OVERLAP_ONPREM|OVERLAP_ONPREM, NO_IPAM_ALLOCATION
587210148123|SDLC_UAT_REWARDS_API_587210148123_admin|SDLC UAT|us-east-2|172.31.0.0/16|172.31.0.0/16||Deployed|NO|YES|OVERLAP_ONPREM|OVERLAP_ONPREM, NO_IPAM_ALLOCATION
587210148123|SDLC_UAT_REWARDS_API_587210148123_admin|SDLC UAT|us-west-2|vpc-0e8bac913d52e55b8|aws-controltower-VPC|172.31.0.0/16|Deployed|NO|YES|OVERLAP_ONPREM|OVERLAP_ONPREM, NO_IPAM_ALLOCATION
587210148123|SDLC_UAT_REWARDS_API_587210148123_admin|SDLC UAT|us-west-2|172.31.0.0/16|172.31.0.0/16||Deployed|NO|YES|OVERLAP_ONPREM|OVERLAP_ONPREM, NO_IPAM_ALLOCATION
587210148123|SDLC_UAT_REWARDS_API_587210148123_admin|SDLC UAT|us-west-2|vpc-09fcdcd6e935ca966|rewards-api|10.160.144.0/22|Deployed|NO|YES|OVERLAP_ONPREM|OVERLAP_ONPREM, NO_IPAM_ALLOCATION
587210148123|SDLC_UAT_REWARDS_API_587210148123_admin|SDLC UAT|us-west-2|10.160.144.0/22|10.160.140.0/26||Deployed|NO|YES|OVERLAP_ONPREM|OVERLAP_ONPREM, NO_IPAM_ALLOCATION
717058204145|SDLC_UAT_RTI_717058204145_admin|SDLC UAT|us-east-2|vpc-05ed359d9d8ee6b65|rti|10.60.141.0/24|Deployed|NO|YES|OVERLAP_ONPREM|OVERLAP_ONPREM, NO_IPAM_ALLOCATION
717058204145|SDLC_UAT_RTI_717058204145_admin|SDLC UAT|us-east-2|10.60.141.0/24|10.60.140.64/26||Deployed|NO|YES|OVERLAP_ONPREM|OVERLAP_ONPREM, NO_IPAM_ALLOCATION
717058204145|SDLC_UAT_RTI_717058204145_admin|SDLC UAT|us-east-2|vpc-0ac5a59e3511d207f|aws-controltower-VPC|172.31.0.0/16|Deployed|NO|YES|OVERLAP_ONPREM|OVERLAP_ONPREM, NO_IPAM_ALLOCATION
717058204145|SDLC_UAT_RTI_717058204145_admin|SDLC UAT|us-east-2|172.31.0.0/16|172.31.0.0/16||Deployed|NO|YES|OVERLAP_ONPREM|OVERLAP_ONPREM, NO_IPAM_ALLOCATION
717058204145|SDLC_UAT_RTI_717058204145_admin|SDLC UAT|us-west-2|vpc-01d8998445fd39fcc|aws-controltower-VPC|172.31.0.0/16|Deployed|NO|YES|OVERLAP_ONPREM|OVERLAP_ONPREM, NO_IPAM_ALLOCATION
717058204145|SDLC_UAT_RTI_717058204145_admin|SDLC UAT|us-west-2|172.31.0.0/16|172.31.0.0/16||Deployed|NO|YES|OVERLAP_ONPREM|OVERLAP_ONPREM, NO_IPAM_ALLOCATION
717058204145|SDLC_UAT_RTI_717058204145_admin|SDLC UAT|us-west-2|vpc-010f76c0a4481614f|rti|10.160.141.0/24|Deployed|NO|YES|OVERLAP_ONPREM|OVERLAP_ONPREM, NO_IPAM_ALLOCATION
717058204145|SDLC_UAT_RTI_717058204145_admin|SDLC UAT|us-west-2|10.160.141.0/24|10.160.140.64/26||Deployed|NO|YES|OVERLAP_ONPREM|OVERLAP_ONPREM, NO_IPAM_ALLOCATION
399605429009|SDLC_UAT_SMARTMART_399605429009_admin|SDLC UAT|us-east-2|vpc-08937298cd298c409|smartmart-uat|10.60.146.0/23|Deployed|NO|YES|OVERLAP_ONPREM|OVERLAP_ONPREM, NO_IPAM_ALLOCATION
399605429009|SDLC_UAT_SMARTMART_399605429009_admin|SDLC UAT|us-east-2|10.60.146.0/23|10.60.140.192/26||Deployed|NO|YES|OVERLAP_ONPREM|OVERLAP_ONPREM, NO_IPAM_ALLOCATION
399605429009|SDLC_UAT_SMARTMART_399605429009_admin|SDLC UAT|us-east-2|vpc-013887e09597e6d74|aws-controltower-VPC|172.31.0.0/16|Deployed|NO|YES|OVERLAP_ONPREM|OVERLAP_ONPREM, NO_IPAM_ALLOCATION
399605429009|SDLC_UAT_SMARTMART_399605429009_admin|SDLC UAT|us-east-2|172.31.0.0/16|172.31.0.0/16||Deployed|NO|YES|OVERLAP_ONPREM|OVERLAP_ONPREM, NO_IPAM_ALLOCATION
399605429009|SDLC_UAT_SMARTMART_399605429009_admin|SDLC UAT|us-west-2|vpc-0872237ed86c4260a|smartmart-uat|10.160.148.0/23|Deployed|NO|YES|OVERLAP_ONPREM|OVERLAP_ONPREM, NO_IPAM_ALLOCATION
399605429009|SDLC_UAT_SMARTMART_399605429009_admin|SDLC UAT|us-west-2|10.160.148.0/23|10.160.140.192/26||Deployed|NO|YES|OVERLAP_ONPREM|OVERLAP_ONPREM, NO_IPAM_ALLOCATION
399605429009|SDLC_UAT_SMARTMART_399605429009_admin|SDLC UAT|us-west-2|vpc-04b4f31fbe0c3c8a7|aws-controltower-VPC|172.31.0.0/16|Deployed|NO|YES|OVERLAP_ONPREM|OVERLAP_ONPREM, NO_IPAM_ALLOCATION
399605429009|SDLC_UAT_SMARTMART_399605429009_admin|SDLC UAT|us-west-2|172.31.0.0/16|172.31.0.0/16||Deployed|NO|YES|OVERLAP_ONPREM|OVERLAP_ONPREM, NO_IPAM_ALLOCATION
805124255242|SDLC_UAT_Testing_805124255242_admin|SDLC UAT|us-east-2|vpc-07e8411cd846d3387|UAT-vpc|10.60.129.0/24|Deployed|NO|YES|OVERLAP_ONPREM|OVERLAP_ONPREM, NO_IPAM_ALLOCATION
805124255242|SDLC_UAT_Testing_805124255242_admin|SDLC UAT|us-east-2|10.60.129.0/24|10.60.128.0/26||Deployed|NO|YES|OVERLAP_ONPREM|OVERLAP_ONPREM, NO_IPAM_ALLOCATION
805124255242|SDLC_UAT_Testing_805124255242_admin|SDLC UAT|us-east-2|vpc-07f4c0887b9b451f2|aws-controltower-VPC|172.31.0.0/16|Deployed|NO|YES|OVERLAP_ONPREM|OVERLAP_ONPREM, NO_IPAM_ALLOCATION
805124255242|SDLC_UAT_Testing_805124255242_admin|SDLC UAT|us-east-2|172.31.0.0/16|172.31.0.0/16||Deployed|NO|YES|OVERLAP_ONPREM|OVERLAP_ONPREM, NO_IPAM_ALLOCATION
805124255242|SDLC_UAT_Testing_805124255242_admin|SDLC UAT|us-west-2|vpc-088c5c46b9f2a8564|aws-controltower-VPC|172.31.0.0/16|Deployed|NO|YES|OVERLAP_ONPREM|OVERLAP_ONPREM, NO_IPAM_ALLOCATION
805124255242|SDLC_UAT_Testing_805124255242_admin|SDLC UAT|us-west-2|172.31.0.0/16|172.31.0.0/16||Deployed|NO|YES|OVERLAP_ONPREM|OVERLAP_ONPREM, NO_IPAM_ALLOCATION
805124255242|SDLC_UAT_Testing_805124255242_admin|SDLC UAT|us-west-2|vpc-04f12c3dffd6f3c70|UAT-vpc|10.160.129.0/24|Deployed|NO|YES|OVERLAP_ONPREM|OVERLAP_ONPREM, NO_IPAM_ALLOCATION
805124255242|SDLC_UAT_Testing_805124255242_admin|SDLC UAT|us-west-2|10.160.129.0/24|10.160.128.0/26||Deployed|NO|YES|OVERLAP_ONPREM|OVERLAP_ONPREM, NO_IPAM_ALLOCATION
794038215373|Security_Tooling_794038215373_admin|Security Tooling|us-east-2|vpc-093902409d1459d7d|aws-controltower-VPC|172.31.0.0/16|Deployed|NO|YES|OVERLAP_ONPREM|OVERLAP_ONPREM, NO_IPAM_ALLOCATION
794038215373|Security_Tooling_794038215373_admin|Security Tooling|us-east-2|172.31.0.0/16|172.31.0.0/16||Deployed|NO|YES|OVERLAP_ONPREM|OVERLAP_ONPREM, NO_IPAM_ALLOCATION
794038215373|Security_Tooling_794038215373_admin|Security Tooling|us-west-2|vpc-06b1f7e5beaa6c94e|aws-controltower-VPC|172.31.0.0/16|Deployed|NO|YES|OVERLAP_ONPREM|OVERLAP_ONPREM, NO_IPAM_ALLOCATION
794038215373|Security_Tooling_794038215373_admin|Security Tooling|us-west-2|172.31.0.0/16|172.31.0.0/16||Deployed|NO|YES|OVERLAP_ONPREM|OVERLAP_ONPREM, NO_IPAM_ALLOCATION
807379992595|SharedServices_Harness_807379992595_admin|Account 807379992595|us-east-2|vpc-07c6010323139a04f|harness-delegate|10.62.12.0/22|Deployed|NO|YES|OVERLAP_ONPREM|OVERLAP_ONPREM, NO_IPAM_ALLOCATION
807379992595|SharedServices_Harness_807379992595_admin|Account 807379992595|us-east-2|10.62.12.0/22|10.62.2.128/26||Deployed|NO|YES|OVERLAP_ONPREM|OVERLAP_ONPREM, NO_IPAM_ALLOCATION
807379992595|SharedServices_Harness_807379992595_admin|Account 807379992595|us-east-2|vpc-0b5f86a83089f477a|harness|10.62.3.0/24|Deployed|NO|YES|OVERLAP_ONPREM|OVERLAP_ONPREM, NO_IPAM_ALLOCATION
807379992595|SharedServices_Harness_807379992595_admin|Account 807379992595|us-east-2|10.62.3.0/24|10.62.2.0/26||Deployed|NO|YES|OVERLAP_ONPREM|OVERLAP_ONPREM, NO_IPAM_ALLOCATION
807379992595|SharedServices_Harness_807379992595_admin|Account 807379992595|us-east-2|vpc-0be217068b375e612|aws-controltower-VPC|172.31.0.0/16|Deployed|NO|YES|OVERLAP_ONPREM|OVERLAP_ONPREM, NO_IPAM_ALLOCATION
807379992595|SharedServices_Harness_807379992595_admin|Account 807379992595|us-east-2|172.31.0.0/16|172.31.0.0/16||Deployed|NO|YES|OVERLAP_ONPREM|OVERLAP_ONPREM, NO_IPAM_ALLOCATION
807379992595|SharedServices_Harness_807379992595_admin|Account 807379992595|us-west-2|vpc-042637b55bee7edff|harness-delegate|10.162.12.0/22|Deployed|NO|YES|OVERLAP_ONPREM|OVERLAP_ONPREM, NO_IPAM_ALLOCATION
807379992595|SharedServices_Harness_807379992595_admin|Account 807379992595|us-west-2|10.162.12.0/22|10.162.2.128/26||Deployed|NO|YES|OVERLAP_ONPREM|OVERLAP_ONPREM, NO_IPAM_ALLOCATION
807379992595|SharedServices_Harness_807379992595_admin|Account 807379992595|us-west-2|vpc-004eb2ac028ca6898|harness|10.162.3.0/24|Deployed|NO|YES|OVERLAP_ONPREM|OVERLAP_ONPREM, NO_IPAM_ALLOCATION
807379992595|SharedServices_Harness_807379992595_admin|Account 807379992595|us-west-2|10.162.3.0/24|10.162.2.0/26||Deployed|NO|YES|OVERLAP_ONPREM|OVERLAP_ONPREM, NO_IPAM_ALLOCATION
807379992595|SharedServices_Harness_807379992595_admin|Account 807379992595|us-west-2|vpc-088db617b1959dc17|aws-controltower-VPC|172.31.0.0/16|Deployed|NO|YES|OVERLAP_ONPREM|OVERLAP_ONPREM, NO_IPAM_ALLOCATION
807379992595|SharedServices_Harness_807379992595_admin|Account 807379992595|us-west-2|172.31.0.0/16|172.31.0.0/16||Deployed|NO|YES|OVERLAP_ONPREM|OVERLAP_ONPREM, NO_IPAM_ALLOCATION
795438191304|SharedServices_SRE_795438191304_admin|Account 795438191304|us-east-2|vpc-0d5e600079e3be3d3|aws-controltower-VPC|172.31.0.0/16|Deployed|NO|YES|OVERLAP_ONPREM|OVERLAP_ONPREM, NO_IPAM_ALLOCATION
795438191304|SharedServices_SRE_795438191304_admin|Account 795438191304|us-east-2|172.31.0.0/16|172.31.0.0/16||Deployed|NO|YES|OVERLAP_ONPREM|OVERLAP_ONPREM, NO_IPAM_ALLOCATION
795438191304|SharedServices_SRE_795438191304_admin|Account 795438191304|us-west-2|vpc-07f620745366857e2|aws-controltower-VPC|172.31.0.0/16|Deployed|NO|YES|OVERLAP_ONPREM|OVERLAP_ONPREM, NO_IPAM_ALLOCATION
795438191304|SharedServices_SRE_795438191304_admin|Account 795438191304|us-west-2|172.31.0.0/16|172.31.0.0/16||Deployed|NO|YES|OVERLAP_ONPREM|OVERLAP_ONPREM, NO_IPAM_ALLOCATION
422228628991|SharedServices_imagemanagement_422228628991_admin|Account 422228628991|us-east-2|vpc-08e471c1f4fbc2a30|aws-controltower-VPC|172.31.0.0/16|Deployed|NO|YES|OVERLAP_ONPREM|OVERLAP_ONPREM, NO_IPAM_ALLOCATION
422228628991|SharedServices_imagemanagement_422228628991_admin|Account 422228628991|us-east-2|172.31.0.0/16|172.31.0.0/16||Deployed|NO|YES|OVERLAP_ONPREM|OVERLAP_ONPREM, NO_IPAM_ALLOCATION
422228628991|SharedServices_imagemanagement_422228628991_admin|Account 422228628991|us-east-2|vpc-0fdfee52b53d258b7|imagemanagement|10.62.16.0/24|Deployed|NO|YES|OVERLAP_ONPREM|OVERLAP_ONPREM, NO_IPAM_ALLOCATION
422228628991|SharedServices_imagemanagement_422228628991_admin|Account 422228628991|us-east-2|10.62.16.0/24|10.62.2.192/26||Deployed|NO|YES|OVERLAP_ONPREM|OVERLAP_ONPREM, NO_IPAM_ALLOCATION
422228628991|SharedServices_imagemanagement_422228628991_admin|Account 422228628991|us-west-2|vpc-0a717c06c972a9987|aws-controltower-VPC|172.31.0.0/16|Deployed|NO|YES|OVERLAP_ONPREM|OVERLAP_ONPREM, NO_IPAM_ALLOCATION
422228628991|SharedServices_imagemanagement_422228628991_admin|Account 422228628991|us-west-2|172.31.0.0/16|172.31.0.0/16||Deployed|NO|YES|OVERLAP_ONPREM|OVERLAP_ONPREM, NO_IPAM_ALLOCATION
422228628991|SharedServices_imagemanagement_422228628991_admin|Account 422228628991|us-west-2|vpc-0402fa02e4b376c47|imagemanagement|10.162.16.0/24|Deployed|NO|YES|OVERLAP_ONPREM|OVERLAP_ONPREM, NO_IPAM_ALLOCATION
422228628991|SharedServices_imagemanagement_422228628991_admin|Account 422228628991|us-west-2|10.162.16.0/24|10.162.2.192/26||Deployed|NO|YES|OVERLAP_ONPREM|OVERLAP_ONPREM, NO_IPAM_ALLOCATION
239658749012|StackSet_Integrations_239658749012_admin|Account 239658749012|us-east-2|vpc-08e179db099824c0c|aws-controltower-VPC|172.31.0.0/16|Deployed|NO|YES|OVERLAP_ONPREM|OVERLAP_ONPREM, NO_IPAM_ALLOCATION
239658749012|StackSet_Integrations_239658749012_admin|Account 239658749012|us-east-2|172.31.0.0/16|172.31.0.0/16||Deployed|NO|YES|OVERLAP_ONPREM|OVERLAP_ONPREM, NO_IPAM_ALLOCATION
239658749012|StackSet_Integrations_239658749012_admin|Account 239658749012|us-west-2|vpc-07c58d037867b4d47|aws-controltower-VPC|172.31.0.0/16|Deployed|NO|YES|OVERLAP_ONPREM|OVERLAP_ONPREM, NO_IPAM_ALLOCATION
239658749012|StackSet_Integrations_239658749012_admin|Account 239658749012|us-west-2|172.31.0.0/16|172.31.0.0/16||Deployed|NO|YES|OVERLAP_ONPREM|OVERLAP_ONPREM, NO_IPAM_ALLOCATION
860829110296|WellArchitectedFramework_860829110296_admin|Account 860829110296|us-east-2|vpc-04807b2370d3b7b0c|aws-controltower-VPC|172.31.0.0/16|Deployed|NO|YES|OVERLAP_ONPREM|OVERLAP_ONPREM, NO_IPAM_ALLOCATION
860829110296|WellArchitectedFramework_860829110296_admin|Account 860829110296|us-east-2|172.31.0.0/16|172.31.0.0/16||Deployed|NO|YES|OVERLAP_ONPREM|OVERLAP_ONPREM, NO_IPAM_ALLOCATION
860829110296|WellArchitectedFramework_860829110296_admin|Account 860829110296|us-west-2|vpc-04cafe0ea846c53cf|aws-controltower-VPC|172.31.0.0/16|Deployed|NO|YES|OVERLAP_ONPREM|OVERLAP_ONPREM, NO_IPAM_ALLOCATION
860829110296|WellArchitectedFramework_860829110296_admin|Account 860829110296|us-west-2|172.31.0.0/16|172.31.0.0/16||Deployed|NO|YES|OVERLAP_ONPREM|OVERLAP_ONPREM, NO_IPAM_ALLOCATION
739275453939|bfh_mgmt_739275453939_admin|Account 739275453939|us-east-2|vpc-08211073de016315e|vpc-08211073de016315e|172.31.0.0/16|Deployed|NO|YES|OVERLAP_ONPREM|OVERLAP_ONPREM, NO_IPAM_ALLOCATION
739275453939|bfh_mgmt_739275453939_admin|Account 739275453939|us-east-2|172.31.0.0/16|172.31.0.0/16||Deployed|NO|YES|OVERLAP_ONPREM|OVERLAP_ONPREM, NO_IPAM_ALLOCATION
739275453939|bfh_mgmt_739275453939_admin|Account 739275453939|us-west-2|vpc-02b93cc4c117ee51e|vpc-02b93cc4c117ee51e|172.31.0.0/16|Deployed|NO|YES|OVERLAP_ONPREM|OVERLAP_ONPREM, NO_IPAM_ALLOCATION
739275453939|bfh_mgmt_739275453939_admin|Account 739275453939|us-west-2|172.31.0.0/16|172.31.0.0/16||Deployed|NO|YES|OVERLAP_ONPREM|OVERLAP_ONPREM, NO_IPAM_ALLOCATION
474668427263|aft-admin-v20250516|Account |us-west-2|vpc-0a286857255bce844|aws-controltower-VPC|172.31.0.0/16|Deployed|NO|YES|OVERLAP_ONPREM|OVERLAP_ONPREM, NO_IPAM_ALLOCATION
474668427263|aft-admin-v20250516|Account |us-west-2|172.31.0.0/16|172.31.0.0/16||Deployed|NO|YES|OVERLAP_ONPREM|OVERLAP_ONPREM, NO_IPAM_ALLOCATION
474668427263|aft-management-admin|Account |us-west-2|vpc-0a286857255bce844|aws-controltower-VPC|172.31.0.0/16|Deployed|NO|YES|OVERLAP_ONPREM|OVERLAP_ONPREM, NO_IPAM_ALLOCATION
474668427263|aft-management-admin|Account |us-west-2|172.31.0.0/16|172.31.0.0/16||Deployed|NO|YES|OVERLAP_ONPREM|OVERLAP_ONPREM, NO_IPAM_ALLOCATION
